-- Seed data for local development
-- Run: npx wrangler d1 execute ANALYTICS_DB --local --file=web/scripts/seed.sql

-- Create tables
CREATE TABLE IF NOT EXISTS tools (
  id INTEGER PRIMARY KEY AUTOINCREMENT,
  name TEXT NOT NULL UNIQUE
);

CREATE TABLE IF NOT EXISTS backends (
  id INTEGER PRIMARY KEY AUTOINCREMENT,
  full TEXT NOT NULL UNIQUE
);

CREATE TABLE IF NOT EXISTS platforms (
  id INTEGER PRIMARY KEY AUTOINCREMENT,
  os TEXT,
  arch TEXT,
  UNIQUE(os, arch)
);

CREATE TABLE IF NOT EXISTS downloads (
  id INTEGER PRIMARY KEY AUTOINCREMENT,
  tool_id INTEGER NOT NULL,
  backend_id INTEGER,
  version TEXT NOT NULL,
  platform_id INTEGER,
  ip_hash TEXT NOT NULL,
  created_at INTEGER NOT NULL,
  FOREIGN KEY (tool_id) REFERENCES tools(id),
  FOREIGN KEY (backend_id) REFERENCES backends(id),
  FOREIGN KEY (platform_id) REFERENCES platforms(id)
);

CREATE TABLE IF NOT EXISTS downloads_daily (
  id INTEGER PRIMARY KEY AUTOINCREMENT,
  tool_id INTEGER NOT NULL,
  backend_id INTEGER,
  version TEXT NOT NULL,
  platform_id INTEGER,
  date TEXT NOT NULL,
  count INTEGER NOT NULL,
  unique_ips INTEGER NOT NULL
);

CREATE TABLE IF NOT EXISTS daily_stats (
  date TEXT PRIMARY KEY,
  total_downloads INTEGER NOT NULL,
  unique_users INTEGER NOT NULL
);

CREATE TABLE IF NOT EXISTS daily_tool_stats (
  date TEXT NOT NULL,
  tool_id INTEGER NOT NULL,
  downloads INTEGER NOT NULL,
  unique_users INTEGER NOT NULL,
  PRIMARY KEY (date, tool_id)
);

CREATE TABLE IF NOT EXISTS daily_backend_stats (
  date TEXT NOT NULL,
  backend_type TEXT NOT NULL,
  downloads INTEGER NOT NULL,
  unique_users INTEGER NOT NULL,
  PRIMARY KEY (date, backend_type)
);

CREATE TABLE IF NOT EXISTS tool_download_summaries (
  tool_id INTEGER PRIMARY KEY,
  downloads_30d INTEGER NOT NULL DEFAULT 0,
  downloads_all_time INTEGER NOT NULL DEFAULT 0,
  updated_at TEXT NOT NULL
);

CREATE TABLE IF NOT EXISTS tool_platform_download_summaries (
  tool_id INTEGER NOT NULL,
  platform_id INTEGER NOT NULL,
  downloads_all_time INTEGER NOT NULL DEFAULT 0,
  PRIMARY KEY (tool_id, platform_id)
);

CREATE TABLE IF NOT EXISTS tool_version_download_summaries (
  tool_id INTEGER NOT NULL,
  version TEXT NOT NULL,
  downloads_all_time INTEGER NOT NULL DEFAULT 0,
  PRIMARY KEY (tool_id, version)
);

-- Create indices
CREATE INDEX IF NOT EXISTS idx_downloads_tool_id ON downloads(tool_id);
CREATE INDEX IF NOT EXISTS idx_downloads_backend_id ON downloads(backend_id);
CREATE INDEX IF NOT EXISTS idx_downloads_created_at ON downloads(created_at);
CREATE INDEX IF NOT EXISTS idx_downloads_dedup ON downloads(tool_id, version, ip_hash, created_at);
CREATE INDEX IF NOT EXISTS idx_daily_tool_stats_tool ON daily_tool_stats(tool_id);
CREATE INDEX IF NOT EXISTS idx_daily_tool_stats_date_tool_downloads ON daily_tool_stats(date, tool_id, downloads);
CREATE INDEX IF NOT EXISTS idx_daily_backend_stats_type ON daily_backend_stats(backend_type);
CREATE INDEX IF NOT EXISTS idx_tool_download_summaries_30d ON tool_download_summaries(downloads_30d DESC, tool_id);
CREATE INDEX IF NOT EXISTS idx_tool_platform_download_summaries_platform ON tool_platform_download_summaries(platform_id);
CREATE INDEX IF NOT EXISTS idx_tool_version_download_summaries_tool_downloads ON tool_version_download_summaries(tool_id, downloads_all_time DESC);

-- Insert tools

INSERT OR IGNORE INTO tools (id, name) VALUES (1, 'node');
INSERT OR IGNORE INTO tools (id, name) VALUES (2, 'python');
INSERT OR IGNORE INTO tools (id, name) VALUES (3, 'ruby');
INSERT OR IGNORE INTO tools (id, name) VALUES (4, 'go');
INSERT OR IGNORE INTO tools (id, name) VALUES (5, 'rust');
INSERT OR IGNORE INTO tools (id, name) VALUES (6, 'java');
INSERT OR IGNORE INTO tools (id, name) VALUES (7, 'deno');
INSERT OR IGNORE INTO tools (id, name) VALUES (8, 'bun');
INSERT OR IGNORE INTO tools (id, name) VALUES (9, 'terraform');
INSERT OR IGNORE INTO tools (id, name) VALUES (10, 'kubectl');
INSERT OR IGNORE INTO tools (id, name) VALUES (11, 'helm');
INSERT OR IGNORE INTO tools (id, name) VALUES (12, 'docker');
INSERT OR IGNORE INTO tools (id, name) VALUES (13, 'git');
INSERT OR IGNORE INTO tools (id, name) VALUES (14, 'ripgrep');
INSERT OR IGNORE INTO tools (id, name) VALUES (15, 'fd');
INSERT OR IGNORE INTO tools (id, name) VALUES (16, 'jq');
INSERT OR IGNORE INTO tools (id, name) VALUES (17, 'yq');
INSERT OR IGNORE INTO tools (id, name) VALUES (18, 'fzf');
INSERT OR IGNORE INTO tools (id, name) VALUES (19, 'bat');
INSERT OR IGNORE INTO tools (id, name) VALUES (20, 'exa');

-- Insert backends
INSERT OR IGNORE INTO backends (id, full) VALUES (1, 'core:default');
INSERT OR IGNORE INTO backends (id, full) VALUES (2, 'aqua:default');
INSERT OR IGNORE INTO backends (id, full) VALUES (3, 'ubi:default');
INSERT OR IGNORE INTO backends (id, full) VALUES (4, 'asdf:default');
INSERT OR IGNORE INTO backends (id, full) VALUES (5, 'vfox:default');
INSERT OR IGNORE INTO backends (id, full) VALUES (6, 'cargo:default');
INSERT OR IGNORE INTO backends (id, full) VALUES (7, 'npm:default');
INSERT OR IGNORE INTO backends (id, full) VALUES (8, 'go:default');
INSERT OR IGNORE INTO backends (id, full) VALUES (9, 'pipx:default');

-- Insert platforms
INSERT OR IGNORE INTO platforms (id, os, arch) VALUES (1, 'macos', 'arm64');
INSERT OR IGNORE INTO platforms (id, os, arch) VALUES (2, 'macos', 'x64');
INSERT OR IGNORE INTO platforms (id, os, arch) VALUES (3, 'linux', 'x64');
INSERT OR IGNORE INTO platforms (id, os, arch) VALUES (4, 'linux', 'arm64');
INSERT OR IGNORE INTO platforms (id, os, arch) VALUES (5, 'windows', 'x64');

-- Insert daily stats (last 45 days)
INSERT OR REPLACE INTO daily_stats (date, total_downloads, unique_users) VALUES ('2025-12-17', 5219, 2087);
INSERT OR REPLACE INTO daily_stats (date, total_downloads, unique_users) VALUES ('2025-12-16', 4363, 1745);
INSERT OR REPLACE INTO daily_stats (date, total_downloads, unique_users) VALUES ('2025-12-15', 4104, 1641);
INSERT OR REPLACE INTO daily_stats (date, total_downloads, unique_users) VALUES ('2025-12-14', 2438, 975);
INSERT OR REPLACE INTO daily_stats (date, total_downloads, unique_users) VALUES ('2025-12-13', 4172, 1668);
INSERT OR REPLACE INTO daily_stats (date, total_downloads, unique_users) VALUES ('2025-12-12', 5755, 2302);
INSERT OR REPLACE INTO daily_stats (date, total_downloads, unique_users) VALUES ('2025-12-11', 2282, 912);
INSERT OR REPLACE INTO daily_stats (date, total_downloads, unique_users) VALUES ('2025-12-10', 1964, 785);
INSERT OR REPLACE INTO daily_stats (date, total_downloads, unique_users) VALUES ('2025-12-09', 2914, 1165);
INSERT OR REPLACE INTO daily_stats (date, total_downloads, unique_users) VALUES ('2025-12-08', 5850, 2340);
INSERT OR REPLACE INTO daily_stats (date, total_downloads, unique_users) VALUES ('2025-12-07', 3592, 1436);
INSERT OR REPLACE INTO daily_stats (date, total_downloads, unique_users) VALUES ('2025-12-06', 5259, 2103);
INSERT OR REPLACE INTO daily_stats (date, total_downloads, unique_users) VALUES ('2025-12-05', 3597, 1438);
INSERT OR REPLACE INTO daily_stats (date, total_downloads, unique_users) VALUES ('2025-12-04', 2039, 815);
INSERT OR REPLACE INTO daily_stats (date, total_downloads, unique_users) VALUES ('2025-12-03', 4442, 1776);
INSERT OR REPLACE INTO daily_stats (date, total_downloads, unique_users) VALUES ('2025-12-02', 3088, 1235);
INSERT OR REPLACE INTO daily_stats (date, total_downloads, unique_users) VALUES ('2025-12-01', 2227, 890);
INSERT OR REPLACE INTO daily_stats (date, total_downloads, unique_users) VALUES ('2025-11-30', 5206, 2082);
INSERT OR REPLACE INTO daily_stats (date, total_downloads, unique_users) VALUES ('2025-11-29', 5173, 2069);
INSERT OR REPLACE INTO daily_stats (date, total_downloads, unique_users) VALUES ('2025-11-28', 1388, 555);
INSERT OR REPLACE INTO daily_stats (date, total_downloads, unique_users) VALUES ('2025-11-27', 1342, 536);
INSERT OR REPLACE INTO daily_stats (date, total_downloads, unique_users) VALUES ('2025-11-26', 5558, 2223);
INSERT OR REPLACE INTO daily_stats (date, total_downloads, unique_users) VALUES ('2025-11-25', 4247, 1698);
INSERT OR REPLACE INTO daily_stats (date, total_downloads, unique_users) VALUES ('2025-11-24', 1590, 636);
INSERT OR REPLACE INTO daily_stats (date, total_downloads, unique_users) VALUES ('2025-11-23', 2543, 1017);
INSERT OR REPLACE INTO daily_stats (date, total_downloads, unique_users) VALUES ('2025-11-22', 5777, 2310);
INSERT OR REPLACE INTO daily_stats (date, total_downloads, unique_users) VALUES ('2025-11-21', 5126, 2050);
INSERT OR REPLACE INTO daily_stats (date, total_downloads, unique_users) VALUES ('2025-11-20', 4349, 1739);
INSERT OR REPLACE INTO daily_stats (date, total_downloads, unique_users) VALUES ('2025-11-19', 3079, 1231);
INSERT OR REPLACE INTO daily_stats (date, total_downloads, unique_users) VALUES ('2025-11-18', 5205, 2082);
INSERT OR REPLACE INTO daily_stats (date, total_downloads, unique_users) VALUES ('2025-11-17', 2898, 1159);
INSERT OR REPLACE INTO daily_stats (date, total_downloads, unique_users) VALUES ('2025-11-16', 3099, 1239);
INSERT OR REPLACE INTO daily_stats (date, total_downloads, unique_users) VALUES ('2025-11-15', 1720, 688);
INSERT OR REPLACE INTO daily_stats (date, total_downloads, unique_users) VALUES ('2025-11-14', 2619, 1047);
INSERT OR REPLACE INTO daily_stats (date, total_downloads, unique_users) VALUES ('2025-11-13', 5852, 2340);
INSERT OR REPLACE INTO daily_stats (date, total_downloads, unique_users) VALUES ('2025-11-12', 2788, 1115);
INSERT OR REPLACE INTO daily_stats (date, total_downloads, unique_users) VALUES ('2025-11-11', 1651, 660);
INSERT OR REPLACE INTO daily_stats (date, total_downloads, unique_users) VALUES ('2025-11-10', 4101, 1640);
INSERT OR REPLACE INTO daily_stats (date, total_downloads, unique_users) VALUES ('2025-11-09', 5867, 2346);
INSERT OR REPLACE INTO daily_stats (date, total_downloads, unique_users) VALUES ('2025-11-08', 1774, 709);
INSERT OR REPLACE INTO daily_stats (date, total_downloads, unique_users) VALUES ('2025-11-07', 1237, 494);
INSERT OR REPLACE INTO daily_stats (date, total_downloads, unique_users) VALUES ('2025-11-06', 1122, 448);
INSERT OR REPLACE INTO daily_stats (date, total_downloads, unique_users) VALUES ('2025-11-05', 2481, 992);
INSERT OR REPLACE INTO daily_stats (date, total_downloads, unique_users) VALUES ('2025-11-04', 4081, 1632);
INSERT OR REPLACE INTO daily_stats (date, total_downloads, unique_users) VALUES ('2025-11-03', 3674, 1469);

-- Insert daily tool stats
INSERT OR REPLACE INTO daily_tool_stats (date, tool_id, downloads, unique_users) VALUES ('2025-12-17', 1, 156, 62);
INSERT OR REPLACE INTO daily_tool_stats (date, tool_id, downloads, unique_users) VALUES ('2025-12-17', 2, 207, 82);
INSERT OR REPLACE INTO daily_tool_stats (date, tool_id, downloads, unique_users) VALUES ('2025-12-17', 3, 241, 96);
INSERT OR REPLACE INTO daily_tool_stats (date, tool_id, downloads, unique_users) VALUES ('2025-12-17', 4, 286, 114);
INSERT OR REPLACE INTO daily_tool_stats (date, tool_id, downloads, unique_users) VALUES ('2025-12-17', 5, 126, 50);
INSERT OR REPLACE INTO daily_tool_stats (date, tool_id, downloads, unique_users) VALUES ('2025-12-17', 6, 60, 24);
INSERT OR REPLACE INTO daily_tool_stats (date, tool_id, downloads, unique_users) VALUES ('2025-12-17', 7, 59, 23);
INSERT OR REPLACE INTO daily_tool_stats (date, tool_id, downloads, unique_users) VALUES ('2025-12-17', 8, 111, 44);
INSERT OR REPLACE INTO daily_tool_stats (date, tool_id, downloads, unique_users) VALUES ('2025-12-17', 9, 129, 51);
INSERT OR REPLACE INTO daily_tool_stats (date, tool_id, downloads, unique_users) VALUES ('2025-12-17', 10, 90, 36);
INSERT OR REPLACE INTO daily_tool_stats (date, tool_id, downloads, unique_users) VALUES ('2025-12-17', 11, 50, 20);
INSERT OR REPLACE INTO daily_tool_stats (date, tool_id, downloads, unique_users) VALUES ('2025-12-17', 12, 49, 19);
INSERT OR REPLACE INTO daily_tool_stats (date, tool_id, downloads, unique_users) VALUES ('2025-12-17', 13, 59, 23);
INSERT OR REPLACE INTO daily_tool_stats (date, tool_id, downloads, unique_users) VALUES ('2025-12-17', 14, 40, 16);
INSERT OR REPLACE INTO daily_tool_stats (date, tool_id, downloads, unique_users) VALUES ('2025-12-17', 15, 54, 21);
INSERT OR REPLACE INTO daily_tool_stats (date, tool_id, downloads, unique_users) VALUES ('2025-12-17', 16, 42, 16);
INSERT OR REPLACE INTO daily_tool_stats (date, tool_id, downloads, unique_users) VALUES ('2025-12-17', 17, 72, 28);
INSERT OR REPLACE INTO daily_tool_stats (date, tool_id, downloads, unique_users) VALUES ('2025-12-17', 18, 32, 12);
INSERT OR REPLACE INTO daily_tool_stats (date, tool_id, downloads, unique_users) VALUES ('2025-12-17', 19, 36, 14);
INSERT OR REPLACE INTO daily_tool_stats (date, tool_id, downloads, unique_users) VALUES ('2025-12-17', 20, 57, 22);
INSERT OR REPLACE INTO daily_tool_stats (date, tool_id, downloads, unique_users) VALUES ('2025-12-16', 1, 116, 46);
INSERT OR REPLACE INTO daily_tool_stats (date, tool_id, downloads, unique_users) VALUES ('2025-12-16', 2, 269, 107);
INSERT OR REPLACE INTO daily_tool_stats (date, tool_id, downloads, unique_users) VALUES ('2025-12-16', 3, 121, 48);
INSERT OR REPLACE INTO daily_tool_stats (date, tool_id, downloads, unique_users) VALUES ('2025-12-16', 4, 184, 73);
INSERT OR REPLACE INTO daily_tool_stats (date, tool_id, downloads, unique_users) VALUES ('2025-12-16', 5, 244, 97);
INSERT OR REPLACE INTO daily_tool_stats (date, tool_id, downloads, unique_users) VALUES ('2025-12-16', 6, 136, 54);
INSERT OR REPLACE INTO daily_tool_stats (date, tool_id, downloads, unique_users) VALUES ('2025-12-16', 7, 127, 50);
INSERT OR REPLACE INTO daily_tool_stats (date, tool_id, downloads, unique_users) VALUES ('2025-12-16', 8, 56, 22);
INSERT OR REPLACE INTO daily_tool_stats (date, tool_id, downloads, unique_users) VALUES ('2025-12-16', 9, 139, 55);
INSERT OR REPLACE INTO daily_tool_stats (date, tool_id, downloads, unique_users) VALUES ('2025-12-16', 10, 72, 28);
INSERT OR REPLACE INTO daily_tool_stats (date, tool_id, downloads, unique_users) VALUES ('2025-12-16', 11, 41, 16);
INSERT OR REPLACE INTO daily_tool_stats (date, tool_id, downloads, unique_users) VALUES ('2025-12-16', 12, 45, 18);
INSERT OR REPLACE INTO daily_tool_stats (date, tool_id, downloads, unique_users) VALUES ('2025-12-16', 13, 33, 13);
INSERT OR REPLACE INTO daily_tool_stats (date, tool_id, downloads, unique_users) VALUES ('2025-12-16', 14, 33, 13);
INSERT OR REPLACE INTO daily_tool_stats (date, tool_id, downloads, unique_users) VALUES ('2025-12-16', 15, 63, 25);
INSERT OR REPLACE INTO daily_tool_stats (date, tool_id, downloads, unique_users) VALUES ('2025-12-16', 16, 65, 26);
INSERT OR REPLACE INTO daily_tool_stats (date, tool_id, downloads, unique_users) VALUES ('2025-12-16', 17, 47, 18);
INSERT OR REPLACE INTO daily_tool_stats (date, tool_id, downloads, unique_users) VALUES ('2025-12-16', 18, 55, 22);
INSERT OR REPLACE INTO daily_tool_stats (date, tool_id, downloads, unique_users) VALUES ('2025-12-16', 19, 29, 11);
INSERT OR REPLACE INTO daily_tool_stats (date, tool_id, downloads, unique_users) VALUES ('2025-12-16', 20, 71, 28);
INSERT OR REPLACE INTO daily_tool_stats (date, tool_id, downloads, unique_users) VALUES ('2025-12-15', 1, 250, 100);
INSERT OR REPLACE INTO daily_tool_stats (date, tool_id, downloads, unique_users) VALUES ('2025-12-15', 2, 299, 119);
INSERT OR REPLACE INTO daily_tool_stats (date, tool_id, downloads, unique_users) VALUES ('2025-12-15', 3, 176, 70);
INSERT OR REPLACE INTO daily_tool_stats (date, tool_id, downloads, unique_users) VALUES ('2025-12-15', 4, 113, 45);
INSERT OR REPLACE INTO daily_tool_stats (date, tool_id, downloads, unique_users) VALUES ('2025-12-15', 5, 233, 93);
INSERT OR REPLACE INTO daily_tool_stats (date, tool_id, downloads, unique_users) VALUES ('2025-12-15', 6, 128, 51);
INSERT OR REPLACE INTO daily_tool_stats (date, tool_id, downloads, unique_users) VALUES ('2025-12-15', 7, 89, 35);
INSERT OR REPLACE INTO daily_tool_stats (date, tool_id, downloads, unique_users) VALUES ('2025-12-15', 8, 146, 58);
INSERT OR REPLACE INTO daily_tool_stats (date, tool_id, downloads, unique_users) VALUES ('2025-12-15', 9, 55, 22);
INSERT OR REPLACE INTO daily_tool_stats (date, tool_id, downloads, unique_users) VALUES ('2025-12-15', 10, 81, 32);
INSERT OR REPLACE INTO daily_tool_stats (date, tool_id, downloads, unique_users) VALUES ('2025-12-15', 11, 30, 12);
INSERT OR REPLACE INTO daily_tool_stats (date, tool_id, downloads, unique_users) VALUES ('2025-12-15', 12, 31, 12);
INSERT OR REPLACE INTO daily_tool_stats (date, tool_id, downloads, unique_users) VALUES ('2025-12-15', 13, 25, 10);
INSERT OR REPLACE INTO daily_tool_stats (date, tool_id, downloads, unique_users) VALUES ('2025-12-15', 14, 35, 14);
INSERT OR REPLACE INTO daily_tool_stats (date, tool_id, downloads, unique_users) VALUES ('2025-12-15', 15, 41, 16);
INSERT OR REPLACE INTO daily_tool_stats (date, tool_id, downloads, unique_users) VALUES ('2025-12-15', 16, 34, 13);
INSERT OR REPLACE INTO daily_tool_stats (date, tool_id, downloads, unique_users) VALUES ('2025-12-15', 17, 66, 26);
INSERT OR REPLACE INTO daily_tool_stats (date, tool_id, downloads, unique_users) VALUES ('2025-12-15', 18, 74, 29);
INSERT OR REPLACE INTO daily_tool_stats (date, tool_id, downloads, unique_users) VALUES ('2025-12-15', 19, 66, 26);
INSERT OR REPLACE INTO daily_tool_stats (date, tool_id, downloads, unique_users) VALUES ('2025-12-15', 20, 33, 13);
INSERT OR REPLACE INTO daily_tool_stats (date, tool_id, downloads, unique_users) VALUES ('2025-12-14', 1, 265, 106);
INSERT OR REPLACE INTO daily_tool_stats (date, tool_id, downloads, unique_users) VALUES ('2025-12-14', 2, 146, 58);
INSERT OR REPLACE INTO daily_tool_stats (date, tool_id, downloads, unique_users) VALUES ('2025-12-14', 3, 159, 63);
INSERT OR REPLACE INTO daily_tool_stats (date, tool_id, downloads, unique_users) VALUES ('2025-12-14', 4, 149, 59);
INSERT OR REPLACE INTO daily_tool_stats (date, tool_id, downloads, unique_users) VALUES ('2025-12-14', 5, 299, 119);
INSERT OR REPLACE INTO daily_tool_stats (date, tool_id, downloads, unique_users) VALUES ('2025-12-14', 6, 83, 33);
INSERT OR REPLACE INTO daily_tool_stats (date, tool_id, downloads, unique_users) VALUES ('2025-12-14', 7, 91, 36);
INSERT OR REPLACE INTO daily_tool_stats (date, tool_id, downloads, unique_users) VALUES ('2025-12-14', 8, 103, 41);
INSERT OR REPLACE INTO daily_tool_stats (date, tool_id, downloads, unique_users) VALUES ('2025-12-14', 9, 80, 32);
INSERT OR REPLACE INTO daily_tool_stats (date, tool_id, downloads, unique_users) VALUES ('2025-12-14', 10, 52, 20);
INSERT OR REPLACE INTO daily_tool_stats (date, tool_id, downloads, unique_users) VALUES ('2025-12-14', 11, 74, 29);
INSERT OR REPLACE INTO daily_tool_stats (date, tool_id, downloads, unique_users) VALUES ('2025-12-14', 12, 51, 20);
INSERT OR REPLACE INTO daily_tool_stats (date, tool_id, downloads, unique_users) VALUES ('2025-12-14', 13, 31, 12);
INSERT OR REPLACE INTO daily_tool_stats (date, tool_id, downloads, unique_users) VALUES ('2025-12-14', 14, 55, 22);
INSERT OR REPLACE INTO daily_tool_stats (date, tool_id, downloads, unique_users) VALUES ('2025-12-14', 15, 34, 13);
INSERT OR REPLACE INTO daily_tool_stats (date, tool_id, downloads, unique_users) VALUES ('2025-12-14', 16, 67, 26);
INSERT OR REPLACE INTO daily_tool_stats (date, tool_id, downloads, unique_users) VALUES ('2025-12-14', 17, 58, 23);
INSERT OR REPLACE INTO daily_tool_stats (date, tool_id, downloads, unique_users) VALUES ('2025-12-14', 18, 30, 12);
INSERT OR REPLACE INTO daily_tool_stats (date, tool_id, downloads, unique_users) VALUES ('2025-12-14', 19, 30, 12);
INSERT OR REPLACE INTO daily_tool_stats (date, tool_id, downloads, unique_users) VALUES ('2025-12-14', 20, 66, 26);
INSERT OR REPLACE INTO daily_tool_stats (date, tool_id, downloads, unique_users) VALUES ('2025-12-13', 1, 264, 105);
INSERT OR REPLACE INTO daily_tool_stats (date, tool_id, downloads, unique_users) VALUES ('2025-12-13', 2, 132, 52);
INSERT OR REPLACE INTO daily_tool_stats (date, tool_id, downloads, unique_users) VALUES ('2025-12-13', 3, 267, 106);
INSERT OR REPLACE INTO daily_tool_stats (date, tool_id, downloads, unique_users) VALUES ('2025-12-13', 4, 119, 47);
INSERT OR REPLACE INTO daily_tool_stats (date, tool_id, downloads, unique_users) VALUES ('2025-12-13', 5, 252, 100);
INSERT OR REPLACE INTO daily_tool_stats (date, tool_id, downloads, unique_users) VALUES ('2025-12-13', 6, 116, 46);
INSERT OR REPLACE INTO daily_tool_stats (date, tool_id, downloads, unique_users) VALUES ('2025-12-13', 7, 69, 27);
INSERT OR REPLACE INTO daily_tool_stats (date, tool_id, downloads, unique_users) VALUES ('2025-12-13', 8, 142, 56);
INSERT OR REPLACE INTO daily_tool_stats (date, tool_id, downloads, unique_users) VALUES ('2025-12-13', 9, 118, 47);
INSERT OR REPLACE INTO daily_tool_stats (date, tool_id, downloads, unique_users) VALUES ('2025-12-13', 10, 125, 50);
INSERT OR REPLACE INTO daily_tool_stats (date, tool_id, downloads, unique_users) VALUES ('2025-12-13', 11, 67, 26);
INSERT OR REPLACE INTO daily_tool_stats (date, tool_id, downloads, unique_users) VALUES ('2025-12-13', 12, 44, 17);
INSERT OR REPLACE INTO daily_tool_stats (date, tool_id, downloads, unique_users) VALUES ('2025-12-13', 13, 49, 19);
INSERT OR REPLACE INTO daily_tool_stats (date, tool_id, downloads, unique_users) VALUES ('2025-12-13', 14, 69, 27);
INSERT OR REPLACE INTO daily_tool_stats (date, tool_id, downloads, unique_users) VALUES ('2025-12-13', 15, 48, 19);
INSERT OR REPLACE INTO daily_tool_stats (date, tool_id, downloads, unique_users) VALUES ('2025-12-13', 16, 69, 27);
INSERT OR REPLACE INTO daily_tool_stats (date, tool_id, downloads, unique_users) VALUES ('2025-12-13', 17, 49, 19);
INSERT OR REPLACE INTO daily_tool_stats (date, tool_id, downloads, unique_users) VALUES ('2025-12-13', 18, 64, 25);
INSERT OR REPLACE INTO daily_tool_stats (date, tool_id, downloads, unique_users) VALUES ('2025-12-13', 19, 49, 19);
INSERT OR REPLACE INTO daily_tool_stats (date, tool_id, downloads, unique_users) VALUES ('2025-12-13', 20, 68, 27);
INSERT OR REPLACE INTO daily_tool_stats (date, tool_id, downloads, unique_users) VALUES ('2025-12-12', 1, 293, 117);
INSERT OR REPLACE INTO daily_tool_stats (date, tool_id, downloads, unique_users) VALUES ('2025-12-12', 2, 283, 113);
INSERT OR REPLACE INTO daily_tool_stats (date, tool_id, downloads, unique_users) VALUES ('2025-12-12', 3, 169, 67);
INSERT OR REPLACE INTO daily_tool_stats (date, tool_id, downloads, unique_users) VALUES ('2025-12-12', 4, 165, 66);
INSERT OR REPLACE INTO daily_tool_stats (date, tool_id, downloads, unique_users) VALUES ('2025-12-12', 5, 283, 113);
INSERT OR REPLACE INTO daily_tool_stats (date, tool_id, downloads, unique_users) VALUES ('2025-12-12', 6, 125, 50);
INSERT OR REPLACE INTO daily_tool_stats (date, tool_id, downloads, unique_users) VALUES ('2025-12-12', 7, 137, 54);
INSERT OR REPLACE INTO daily_tool_stats (date, tool_id, downloads, unique_users) VALUES ('2025-12-12', 8, 119, 47);
INSERT OR REPLACE INTO daily_tool_stats (date, tool_id, downloads, unique_users) VALUES ('2025-12-12', 9, 76, 30);
INSERT OR REPLACE INTO daily_tool_stats (date, tool_id, downloads, unique_users) VALUES ('2025-12-12', 10, 81, 32);
INSERT OR REPLACE INTO daily_tool_stats (date, tool_id, downloads, unique_users) VALUES ('2025-12-12', 11, 60, 24);
INSERT OR REPLACE INTO daily_tool_stats (date, tool_id, downloads, unique_users) VALUES ('2025-12-12', 12, 48, 19);
INSERT OR REPLACE INTO daily_tool_stats (date, tool_id, downloads, unique_users) VALUES ('2025-12-12', 13, 66, 26);
INSERT OR REPLACE INTO daily_tool_stats (date, tool_id, downloads, unique_users) VALUES ('2025-12-12', 14, 68, 27);
INSERT OR REPLACE INTO daily_tool_stats (date, tool_id, downloads, unique_users) VALUES ('2025-12-12', 15, 40, 16);
INSERT OR REPLACE INTO daily_tool_stats (date, tool_id, downloads, unique_users) VALUES ('2025-12-12', 16, 34, 13);
INSERT OR REPLACE INTO daily_tool_stats (date, tool_id, downloads, unique_users) VALUES ('2025-12-12', 17, 49, 19);
INSERT OR REPLACE INTO daily_tool_stats (date, tool_id, downloads, unique_users) VALUES ('2025-12-12', 18, 38, 15);
INSERT OR REPLACE INTO daily_tool_stats (date, tool_id, downloads, unique_users) VALUES ('2025-12-12', 19, 62, 24);
INSERT OR REPLACE INTO daily_tool_stats (date, tool_id, downloads, unique_users) VALUES ('2025-12-12', 20, 70, 28);
INSERT OR REPLACE INTO daily_tool_stats (date, tool_id, downloads, unique_users) VALUES ('2025-12-11', 1, 236, 94);
INSERT OR REPLACE INTO daily_tool_stats (date, tool_id, downloads, unique_users) VALUES ('2025-12-11', 2, 216, 86);
INSERT OR REPLACE INTO daily_tool_stats (date, tool_id, downloads, unique_users) VALUES ('2025-12-11', 3, 191, 76);
INSERT OR REPLACE INTO daily_tool_stats (date, tool_id, downloads, unique_users) VALUES ('2025-12-11', 4, 240, 96);
INSERT OR REPLACE INTO daily_tool_stats (date, tool_id, downloads, unique_users) VALUES ('2025-12-11', 5, 204, 81);
INSERT OR REPLACE INTO daily_tool_stats (date, tool_id, downloads, unique_users) VALUES ('2025-12-11', 6, 69, 27);
INSERT OR REPLACE INTO daily_tool_stats (date, tool_id, downloads, unique_users) VALUES ('2025-12-11', 7, 88, 35);
INSERT OR REPLACE INTO daily_tool_stats (date, tool_id, downloads, unique_users) VALUES ('2025-12-11', 8, 93, 37);
INSERT OR REPLACE INTO daily_tool_stats (date, tool_id, downloads, unique_users) VALUES ('2025-12-11', 9, 143, 57);
INSERT OR REPLACE INTO daily_tool_stats (date, tool_id, downloads, unique_users) VALUES ('2025-12-11', 10, 70, 28);
INSERT OR REPLACE INTO daily_tool_stats (date, tool_id, downloads, unique_users) VALUES ('2025-12-11', 11, 36, 14);
INSERT OR REPLACE INTO daily_tool_stats (date, tool_id, downloads, unique_users) VALUES ('2025-12-11', 12, 54, 21);
INSERT OR REPLACE INTO daily_tool_stats (date, tool_id, downloads, unique_users) VALUES ('2025-12-11', 13, 71, 28);
INSERT OR REPLACE INTO daily_tool_stats (date, tool_id, downloads, unique_users) VALUES ('2025-12-11', 14, 54, 21);
INSERT OR REPLACE INTO daily_tool_stats (date, tool_id, downloads, unique_users) VALUES ('2025-12-11', 15, 28, 11);
INSERT OR REPLACE INTO daily_tool_stats (date, tool_id, downloads, unique_users) VALUES ('2025-12-11', 16, 48, 19);
INSERT OR REPLACE INTO daily_tool_stats (date, tool_id, downloads, unique_users) VALUES ('2025-12-11', 17, 53, 21);
INSERT OR REPLACE INTO daily_tool_stats (date, tool_id, downloads, unique_users) VALUES ('2025-12-11', 18, 38, 15);
INSERT OR REPLACE INTO daily_tool_stats (date, tool_id, downloads, unique_users) VALUES ('2025-12-11', 19, 39, 15);
INSERT OR REPLACE INTO daily_tool_stats (date, tool_id, downloads, unique_users) VALUES ('2025-12-11', 20, 59, 23);
INSERT OR REPLACE INTO daily_tool_stats (date, tool_id, downloads, unique_users) VALUES ('2025-12-10', 1, 202, 80);
INSERT OR REPLACE INTO daily_tool_stats (date, tool_id, downloads, unique_users) VALUES ('2025-12-10', 2, 116, 46);
INSERT OR REPLACE INTO daily_tool_stats (date, tool_id, downloads, unique_users) VALUES ('2025-12-10', 3, 106, 42);
INSERT OR REPLACE INTO daily_tool_stats (date, tool_id, downloads, unique_users) VALUES ('2025-12-10', 4, 292, 116);
INSERT OR REPLACE INTO daily_tool_stats (date, tool_id, downloads, unique_users) VALUES ('2025-12-10', 5, 174, 69);
INSERT OR REPLACE INTO daily_tool_stats (date, tool_id, downloads, unique_users) VALUES ('2025-12-10', 6, 124, 49);
INSERT OR REPLACE INTO daily_tool_stats (date, tool_id, downloads, unique_users) VALUES ('2025-12-10', 7, 131, 52);
INSERT OR REPLACE INTO daily_tool_stats (date, tool_id, downloads, unique_users) VALUES ('2025-12-10', 8, 55, 22);
INSERT OR REPLACE INTO daily_tool_stats (date, tool_id, downloads, unique_users) VALUES ('2025-12-10', 9, 61, 24);
INSERT OR REPLACE INTO daily_tool_stats (date, tool_id, downloads, unique_users) VALUES ('2025-12-10', 10, 136, 54);
INSERT OR REPLACE INTO daily_tool_stats (date, tool_id, downloads, unique_users) VALUES ('2025-12-10', 11, 58, 23);
INSERT OR REPLACE INTO daily_tool_stats (date, tool_id, downloads, unique_users) VALUES ('2025-12-10', 12, 49, 19);
INSERT OR REPLACE INTO daily_tool_stats (date, tool_id, downloads, unique_users) VALUES ('2025-12-10', 13, 53, 21);
INSERT OR REPLACE INTO daily_tool_stats (date, tool_id, downloads, unique_users) VALUES ('2025-12-10', 14, 70, 28);
INSERT OR REPLACE INTO daily_tool_stats (date, tool_id, downloads, unique_users) VALUES ('2025-12-10', 15, 57, 22);
INSERT OR REPLACE INTO daily_tool_stats (date, tool_id, downloads, unique_users) VALUES ('2025-12-10', 16, 50, 20);
INSERT OR REPLACE INTO daily_tool_stats (date, tool_id, downloads, unique_users) VALUES ('2025-12-10', 17, 38, 15);
INSERT OR REPLACE INTO daily_tool_stats (date, tool_id, downloads, unique_users) VALUES ('2025-12-10', 18, 30, 12);
INSERT OR REPLACE INTO daily_tool_stats (date, tool_id, downloads, unique_users) VALUES ('2025-12-10', 19, 68, 27);
INSERT OR REPLACE INTO daily_tool_stats (date, tool_id, downloads, unique_users) VALUES ('2025-12-10', 20, 41, 16);
INSERT OR REPLACE INTO daily_tool_stats (date, tool_id, downloads, unique_users) VALUES ('2025-12-09', 1, 171, 68);
INSERT OR REPLACE INTO daily_tool_stats (date, tool_id, downloads, unique_users) VALUES ('2025-12-09', 2, 221, 88);
INSERT OR REPLACE INTO daily_tool_stats (date, tool_id, downloads, unique_users) VALUES ('2025-12-09', 3, 197, 78);
INSERT OR REPLACE INTO daily_tool_stats (date, tool_id, downloads, unique_users) VALUES ('2025-12-09', 4, 147, 58);
INSERT OR REPLACE INTO daily_tool_stats (date, tool_id, downloads, unique_users) VALUES ('2025-12-09', 5, 271, 108);
INSERT OR REPLACE INTO daily_tool_stats (date, tool_id, downloads, unique_users) VALUES ('2025-12-09', 6, 52, 20);
INSERT OR REPLACE INTO daily_tool_stats (date, tool_id, downloads, unique_users) VALUES ('2025-12-09', 7, 79, 31);
INSERT OR REPLACE INTO daily_tool_stats (date, tool_id, downloads, unique_users) VALUES ('2025-12-09', 8, 111, 44);
INSERT OR REPLACE INTO daily_tool_stats (date, tool_id, downloads, unique_users) VALUES ('2025-12-09', 9, 138, 55);
INSERT OR REPLACE INTO daily_tool_stats (date, tool_id, downloads, unique_users) VALUES ('2025-12-09', 10, 95, 38);
INSERT OR REPLACE INTO daily_tool_stats (date, tool_id, downloads, unique_users) VALUES ('2025-12-09', 11, 58, 23);
INSERT OR REPLACE INTO daily_tool_stats (date, tool_id, downloads, unique_users) VALUES ('2025-12-09', 12, 30, 12);
INSERT OR REPLACE INTO daily_tool_stats (date, tool_id, downloads, unique_users) VALUES ('2025-12-09', 13, 50, 20);
INSERT OR REPLACE INTO daily_tool_stats (date, tool_id, downloads, unique_users) VALUES ('2025-12-09', 14, 52, 20);
INSERT OR REPLACE INTO daily_tool_stats (date, tool_id, downloads, unique_users) VALUES ('2025-12-09', 15, 53, 21);
INSERT OR REPLACE INTO daily_tool_stats (date, tool_id, downloads, unique_users) VALUES ('2025-12-09', 16, 57, 22);
INSERT OR REPLACE INTO daily_tool_stats (date, tool_id, downloads, unique_users) VALUES ('2025-12-09', 17, 46, 18);
INSERT OR REPLACE INTO daily_tool_stats (date, tool_id, downloads, unique_users) VALUES ('2025-12-09', 18, 36, 14);
INSERT OR REPLACE INTO daily_tool_stats (date, tool_id, downloads, unique_users) VALUES ('2025-12-09', 19, 46, 18);
INSERT OR REPLACE INTO daily_tool_stats (date, tool_id, downloads, unique_users) VALUES ('2025-12-09', 20, 68, 27);
INSERT OR REPLACE INTO daily_tool_stats (date, tool_id, downloads, unique_users) VALUES ('2025-12-08', 1, 288, 115);
INSERT OR REPLACE INTO daily_tool_stats (date, tool_id, downloads, unique_users) VALUES ('2025-12-08', 2, 164, 65);
INSERT OR REPLACE INTO daily_tool_stats (date, tool_id, downloads, unique_users) VALUES ('2025-12-08', 3, 142, 56);
INSERT OR REPLACE INTO daily_tool_stats (date, tool_id, downloads, unique_users) VALUES ('2025-12-08', 4, 288, 115);
INSERT OR REPLACE INTO daily_tool_stats (date, tool_id, downloads, unique_users) VALUES ('2025-12-08', 5, 219, 87);
INSERT OR REPLACE INTO daily_tool_stats (date, tool_id, downloads, unique_users) VALUES ('2025-12-08', 6, 78, 31);
INSERT OR REPLACE INTO daily_tool_stats (date, tool_id, downloads, unique_users) VALUES ('2025-12-08', 7, 70, 28);
INSERT OR REPLACE INTO daily_tool_stats (date, tool_id, downloads, unique_users) VALUES ('2025-12-08', 8, 52, 20);
INSERT OR REPLACE INTO daily_tool_stats (date, tool_id, downloads, unique_users) VALUES ('2025-12-08', 9, 53, 21);
INSERT OR REPLACE INTO daily_tool_stats (date, tool_id, downloads, unique_users) VALUES ('2025-12-08', 10, 136, 54);
INSERT OR REPLACE INTO daily_tool_stats (date, tool_id, downloads, unique_users) VALUES ('2025-12-08', 11, 48, 19);
INSERT OR REPLACE INTO daily_tool_stats (date, tool_id, downloads, unique_users) VALUES ('2025-12-08', 12, 62, 24);
INSERT OR REPLACE INTO daily_tool_stats (date, tool_id, downloads, unique_users) VALUES ('2025-12-08', 13, 59, 23);
INSERT OR REPLACE INTO daily_tool_stats (date, tool_id, downloads, unique_users) VALUES ('2025-12-08', 14, 26, 10);
INSERT OR REPLACE INTO daily_tool_stats (date, tool_id, downloads, unique_users) VALUES ('2025-12-08', 15, 63, 25);
INSERT OR REPLACE INTO daily_tool_stats (date, tool_id, downloads, unique_users) VALUES ('2025-12-08', 16, 48, 19);
INSERT OR REPLACE INTO daily_tool_stats (date, tool_id, downloads, unique_users) VALUES ('2025-12-08', 17, 66, 26);
INSERT OR REPLACE INTO daily_tool_stats (date, tool_id, downloads, unique_users) VALUES ('2025-12-08', 18, 69, 27);
INSERT OR REPLACE INTO daily_tool_stats (date, tool_id, downloads, unique_users) VALUES ('2025-12-08', 19, 30, 12);
INSERT OR REPLACE INTO daily_tool_stats (date, tool_id, downloads, unique_users) VALUES ('2025-12-08', 20, 34, 13);
INSERT OR REPLACE INTO daily_tool_stats (date, tool_id, downloads, unique_users) VALUES ('2025-12-07', 1, 245, 98);
INSERT OR REPLACE INTO daily_tool_stats (date, tool_id, downloads, unique_users) VALUES ('2025-12-07', 2, 206, 82);
INSERT OR REPLACE INTO daily_tool_stats (date, tool_id, downloads, unique_users) VALUES ('2025-12-07', 3, 215, 86);
INSERT OR REPLACE INTO daily_tool_stats (date, tool_id, downloads, unique_users) VALUES ('2025-12-07', 4, 237, 94);
INSERT OR REPLACE INTO daily_tool_stats (date, tool_id, downloads, unique_users) VALUES ('2025-12-07', 5, 197, 78);
INSERT OR REPLACE INTO daily_tool_stats (date, tool_id, downloads, unique_users) VALUES ('2025-12-07', 6, 79, 31);
INSERT OR REPLACE INTO daily_tool_stats (date, tool_id, downloads, unique_users) VALUES ('2025-12-07', 7, 132, 52);
INSERT OR REPLACE INTO daily_tool_stats (date, tool_id, downloads, unique_users) VALUES ('2025-12-07', 8, 68, 27);
INSERT OR REPLACE INTO daily_tool_stats (date, tool_id, downloads, unique_users) VALUES ('2025-12-07', 9, 106, 42);
INSERT OR REPLACE INTO daily_tool_stats (date, tool_id, downloads, unique_users) VALUES ('2025-12-07', 10, 92, 36);
INSERT OR REPLACE INTO daily_tool_stats (date, tool_id, downloads, unique_users) VALUES ('2025-12-07', 11, 55, 22);
INSERT OR REPLACE INTO daily_tool_stats (date, tool_id, downloads, unique_users) VALUES ('2025-12-07', 12, 26, 10);
INSERT OR REPLACE INTO daily_tool_stats (date, tool_id, downloads, unique_users) VALUES ('2025-12-07', 13, 32, 12);
INSERT OR REPLACE INTO daily_tool_stats (date, tool_id, downloads, unique_users) VALUES ('2025-12-07', 14, 26, 10);
INSERT OR REPLACE INTO daily_tool_stats (date, tool_id, downloads, unique_users) VALUES ('2025-12-07', 15, 74, 29);
INSERT OR REPLACE INTO daily_tool_stats (date, tool_id, downloads, unique_users) VALUES ('2025-12-07', 16, 42, 16);
INSERT OR REPLACE INTO daily_tool_stats (date, tool_id, downloads, unique_users) VALUES ('2025-12-07', 17, 65, 26);
INSERT OR REPLACE INTO daily_tool_stats (date, tool_id, downloads, unique_users) VALUES ('2025-12-07', 18, 26, 10);
INSERT OR REPLACE INTO daily_tool_stats (date, tool_id, downloads, unique_users) VALUES ('2025-12-07', 19, 46, 18);
INSERT OR REPLACE INTO daily_tool_stats (date, tool_id, downloads, unique_users) VALUES ('2025-12-07', 20, 28, 11);
INSERT OR REPLACE INTO daily_tool_stats (date, tool_id, downloads, unique_users) VALUES ('2025-12-06', 1, 197, 78);
INSERT OR REPLACE INTO daily_tool_stats (date, tool_id, downloads, unique_users) VALUES ('2025-12-06', 2, 252, 100);
INSERT OR REPLACE INTO daily_tool_stats (date, tool_id, downloads, unique_users) VALUES ('2025-12-06', 3, 220, 88);
INSERT OR REPLACE INTO daily_tool_stats (date, tool_id, downloads, unique_users) VALUES ('2025-12-06', 4, 134, 53);
INSERT OR REPLACE INTO daily_tool_stats (date, tool_id, downloads, unique_users) VALUES ('2025-12-06', 5, 125, 50);
INSERT OR REPLACE INTO daily_tool_stats (date, tool_id, downloads, unique_users) VALUES ('2025-12-06', 6, 54, 21);
INSERT OR REPLACE INTO daily_tool_stats (date, tool_id, downloads, unique_users) VALUES ('2025-12-06', 7, 58, 23);
INSERT OR REPLACE INTO daily_tool_stats (date, tool_id, downloads, unique_users) VALUES ('2025-12-06', 8, 68, 27);
INSERT OR REPLACE INTO daily_tool_stats (date, tool_id, downloads, unique_users) VALUES ('2025-12-06', 9, 74, 29);
INSERT OR REPLACE INTO daily_tool_stats (date, tool_id, downloads, unique_users) VALUES ('2025-12-06', 10, 134, 53);
INSERT OR REPLACE INTO daily_tool_stats (date, tool_id, downloads, unique_users) VALUES ('2025-12-06', 11, 37, 14);
INSERT OR REPLACE INTO daily_tool_stats (date, tool_id, downloads, unique_users) VALUES ('2025-12-06', 12, 58, 23);
INSERT OR REPLACE INTO daily_tool_stats (date, tool_id, downloads, unique_users) VALUES ('2025-12-06', 13, 58, 23);
INSERT OR REPLACE INTO daily_tool_stats (date, tool_id, downloads, unique_users) VALUES ('2025-12-06', 14, 60, 24);
INSERT OR REPLACE INTO daily_tool_stats (date, tool_id, downloads, unique_users) VALUES ('2025-12-06', 15, 70, 28);
INSERT OR REPLACE INTO daily_tool_stats (date, tool_id, downloads, unique_users) VALUES ('2025-12-06', 16, 60, 24);
INSERT OR REPLACE INTO daily_tool_stats (date, tool_id, downloads, unique_users) VALUES ('2025-12-06', 17, 54, 21);
INSERT OR REPLACE INTO daily_tool_stats (date, tool_id, downloads, unique_users) VALUES ('2025-12-06', 18, 50, 20);
INSERT OR REPLACE INTO daily_tool_stats (date, tool_id, downloads, unique_users) VALUES ('2025-12-06', 19, 62, 24);
INSERT OR REPLACE INTO daily_tool_stats (date, tool_id, downloads, unique_users) VALUES ('2025-12-06', 20, 28, 11);
INSERT OR REPLACE INTO daily_tool_stats (date, tool_id, downloads, unique_users) VALUES ('2025-12-05', 1, 276, 110);
INSERT OR REPLACE INTO daily_tool_stats (date, tool_id, downloads, unique_users) VALUES ('2025-12-05', 2, 108, 43);
INSERT OR REPLACE INTO daily_tool_stats (date, tool_id, downloads, unique_users) VALUES ('2025-12-05', 3, 184, 73);
INSERT OR REPLACE INTO daily_tool_stats (date, tool_id, downloads, unique_users) VALUES ('2025-12-05', 4, 160, 64);
INSERT OR REPLACE INTO daily_tool_stats (date, tool_id, downloads, unique_users) VALUES ('2025-12-05', 5, 183, 73);
INSERT OR REPLACE INTO daily_tool_stats (date, tool_id, downloads, unique_users) VALUES ('2025-12-05', 6, 92, 36);
INSERT OR REPLACE INTO daily_tool_stats (date, tool_id, downloads, unique_users) VALUES ('2025-12-05', 7, 143, 57);
INSERT OR REPLACE INTO daily_tool_stats (date, tool_id, downloads, unique_users) VALUES ('2025-12-05', 8, 131, 52);
INSERT OR REPLACE INTO daily_tool_stats (date, tool_id, downloads, unique_users) VALUES ('2025-12-05', 9, 97, 38);
INSERT OR REPLACE INTO daily_tool_stats (date, tool_id, downloads, unique_users) VALUES ('2025-12-05', 10, 136, 54);
INSERT OR REPLACE INTO daily_tool_stats (date, tool_id, downloads, unique_users) VALUES ('2025-12-05', 11, 54, 21);
INSERT OR REPLACE INTO daily_tool_stats (date, tool_id, downloads, unique_users) VALUES ('2025-12-05', 12, 71, 28);
INSERT OR REPLACE INTO daily_tool_stats (date, tool_id, downloads, unique_users) VALUES ('2025-12-05', 13, 65, 26);
INSERT OR REPLACE INTO daily_tool_stats (date, tool_id, downloads, unique_users) VALUES ('2025-12-05', 14, 74, 29);
INSERT OR REPLACE INTO daily_tool_stats (date, tool_id, downloads, unique_users) VALUES ('2025-12-05', 15, 36, 14);
INSERT OR REPLACE INTO daily_tool_stats (date, tool_id, downloads, unique_users) VALUES ('2025-12-05', 16, 32, 12);
INSERT OR REPLACE INTO daily_tool_stats (date, tool_id, downloads, unique_users) VALUES ('2025-12-05', 17, 40, 16);
INSERT OR REPLACE INTO daily_tool_stats (date, tool_id, downloads, unique_users) VALUES ('2025-12-05', 18, 59, 23);
INSERT OR REPLACE INTO daily_tool_stats (date, tool_id, downloads, unique_users) VALUES ('2025-12-05', 19, 39, 15);
INSERT OR REPLACE INTO daily_tool_stats (date, tool_id, downloads, unique_users) VALUES ('2025-12-05', 20, 71, 28);
INSERT OR REPLACE INTO daily_tool_stats (date, tool_id, downloads, unique_users) VALUES ('2025-12-04', 1, 190, 76);
INSERT OR REPLACE INTO daily_tool_stats (date, tool_id, downloads, unique_users) VALUES ('2025-12-04', 2, 218, 87);
INSERT OR REPLACE INTO daily_tool_stats (date, tool_id, downloads, unique_users) VALUES ('2025-12-04', 3, 238, 95);
INSERT OR REPLACE INTO daily_tool_stats (date, tool_id, downloads, unique_users) VALUES ('2025-12-04', 4, 195, 78);
INSERT OR REPLACE INTO daily_tool_stats (date, tool_id, downloads, unique_users) VALUES ('2025-12-04', 5, 124, 49);
INSERT OR REPLACE INTO daily_tool_stats (date, tool_id, downloads, unique_users) VALUES ('2025-12-04', 6, 64, 25);
INSERT OR REPLACE INTO daily_tool_stats (date, tool_id, downloads, unique_users) VALUES ('2025-12-04', 7, 78, 31);
INSERT OR REPLACE INTO daily_tool_stats (date, tool_id, downloads, unique_users) VALUES ('2025-12-04', 8, 138, 55);
INSERT OR REPLACE INTO daily_tool_stats (date, tool_id, downloads, unique_users) VALUES ('2025-12-04', 9, 82, 32);
INSERT OR REPLACE INTO daily_tool_stats (date, tool_id, downloads, unique_users) VALUES ('2025-12-04', 10, 65, 26);
INSERT OR REPLACE INTO daily_tool_stats (date, tool_id, downloads, unique_users) VALUES ('2025-12-04', 11, 41, 16);
INSERT OR REPLACE INTO daily_tool_stats (date, tool_id, downloads, unique_users) VALUES ('2025-12-04', 12, 45, 18);
INSERT OR REPLACE INTO daily_tool_stats (date, tool_id, downloads, unique_users) VALUES ('2025-12-04', 13, 31, 12);
INSERT OR REPLACE INTO daily_tool_stats (date, tool_id, downloads, unique_users) VALUES ('2025-12-04', 14, 69, 27);
INSERT OR REPLACE INTO daily_tool_stats (date, tool_id, downloads, unique_users) VALUES ('2025-12-04', 15, 42, 16);
INSERT OR REPLACE INTO daily_tool_stats (date, tool_id, downloads, unique_users) VALUES ('2025-12-04', 16, 42, 16);
INSERT OR REPLACE INTO daily_tool_stats (date, tool_id, downloads, unique_users) VALUES ('2025-12-04', 17, 45, 18);
INSERT OR REPLACE INTO daily_tool_stats (date, tool_id, downloads, unique_users) VALUES ('2025-12-04', 18, 26, 10);
INSERT OR REPLACE INTO daily_tool_stats (date, tool_id, downloads, unique_users) VALUES ('2025-12-04', 19, 48, 19);
INSERT OR REPLACE INTO daily_tool_stats (date, tool_id, downloads, unique_users) VALUES ('2025-12-04', 20, 35, 14);
INSERT OR REPLACE INTO daily_tool_stats (date, tool_id, downloads, unique_users) VALUES ('2025-12-03', 1, 132, 52);
INSERT OR REPLACE INTO daily_tool_stats (date, tool_id, downloads, unique_users) VALUES ('2025-12-03', 2, 270, 108);
INSERT OR REPLACE INTO daily_tool_stats (date, tool_id, downloads, unique_users) VALUES ('2025-12-03', 3, 229, 91);
INSERT OR REPLACE INTO daily_tool_stats (date, tool_id, downloads, unique_users) VALUES ('2025-12-03', 4, 268, 107);
INSERT OR REPLACE INTO daily_tool_stats (date, tool_id, downloads, unique_users) VALUES ('2025-12-03', 5, 191, 76);
INSERT OR REPLACE INTO daily_tool_stats (date, tool_id, downloads, unique_users) VALUES ('2025-12-03', 6, 75, 30);
INSERT OR REPLACE INTO daily_tool_stats (date, tool_id, downloads, unique_users) VALUES ('2025-12-03', 7, 115, 46);
INSERT OR REPLACE INTO daily_tool_stats (date, tool_id, downloads, unique_users) VALUES ('2025-12-03', 8, 129, 51);
INSERT OR REPLACE INTO daily_tool_stats (date, tool_id, downloads, unique_users) VALUES ('2025-12-03', 9, 74, 29);
INSERT OR REPLACE INTO daily_tool_stats (date, tool_id, downloads, unique_users) VALUES ('2025-12-03', 10, 127, 50);
INSERT OR REPLACE INTO daily_tool_stats (date, tool_id, downloads, unique_users) VALUES ('2025-12-03', 11, 66, 26);
INSERT OR REPLACE INTO daily_tool_stats (date, tool_id, downloads, unique_users) VALUES ('2025-12-03', 12, 65, 26);
INSERT OR REPLACE INTO daily_tool_stats (date, tool_id, downloads, unique_users) VALUES ('2025-12-03', 13, 45, 18);
INSERT OR REPLACE INTO daily_tool_stats (date, tool_id, downloads, unique_users) VALUES ('2025-12-03', 14, 27, 10);
INSERT OR REPLACE INTO daily_tool_stats (date, tool_id, downloads, unique_users) VALUES ('2025-12-03', 15, 66, 26);
INSERT OR REPLACE INTO daily_tool_stats (date, tool_id, downloads, unique_users) VALUES ('2025-12-03', 16, 45, 18);
INSERT OR REPLACE INTO daily_tool_stats (date, tool_id, downloads, unique_users) VALUES ('2025-12-03', 17, 45, 18);
INSERT OR REPLACE INTO daily_tool_stats (date, tool_id, downloads, unique_users) VALUES ('2025-12-03', 18, 68, 27);
INSERT OR REPLACE INTO daily_tool_stats (date, tool_id, downloads, unique_users) VALUES ('2025-12-03', 19, 55, 22);
INSERT OR REPLACE INTO daily_tool_stats (date, tool_id, downloads, unique_users) VALUES ('2025-12-03', 20, 27, 10);
INSERT OR REPLACE INTO daily_tool_stats (date, tool_id, downloads, unique_users) VALUES ('2025-12-02', 1, 149, 59);
INSERT OR REPLACE INTO daily_tool_stats (date, tool_id, downloads, unique_users) VALUES ('2025-12-02', 2, 122, 48);
INSERT OR REPLACE INTO daily_tool_stats (date, tool_id, downloads, unique_users) VALUES ('2025-12-02', 3, 222, 88);
INSERT OR REPLACE INTO daily_tool_stats (date, tool_id, downloads, unique_users) VALUES ('2025-12-02', 4, 174, 69);
INSERT OR REPLACE INTO daily_tool_stats (date, tool_id, downloads, unique_users) VALUES ('2025-12-02', 5, 161, 64);
INSERT OR REPLACE INTO daily_tool_stats (date, tool_id, downloads, unique_users) VALUES ('2025-12-02', 6, 107, 42);
INSERT OR REPLACE INTO daily_tool_stats (date, tool_id, downloads, unique_users) VALUES ('2025-12-02', 7, 125, 50);
INSERT OR REPLACE INTO daily_tool_stats (date, tool_id, downloads, unique_users) VALUES ('2025-12-02', 8, 55, 22);
INSERT OR REPLACE INTO daily_tool_stats (date, tool_id, downloads, unique_users) VALUES ('2025-12-02', 9, 92, 36);
INSERT OR REPLACE INTO daily_tool_stats (date, tool_id, downloads, unique_users) VALUES ('2025-12-02', 10, 72, 28);
INSERT OR REPLACE INTO daily_tool_stats (date, tool_id, downloads, unique_users) VALUES ('2025-12-02', 11, 29, 11);
INSERT OR REPLACE INTO daily_tool_stats (date, tool_id, downloads, unique_users) VALUES ('2025-12-02', 12, 56, 22);
INSERT OR REPLACE INTO daily_tool_stats (date, tool_id, downloads, unique_users) VALUES ('2025-12-02', 13, 54, 21);
INSERT OR REPLACE INTO daily_tool_stats (date, tool_id, downloads, unique_users) VALUES ('2025-12-02', 14, 51, 20);
INSERT OR REPLACE INTO daily_tool_stats (date, tool_id, downloads, unique_users) VALUES ('2025-12-02', 15, 53, 21);
INSERT OR REPLACE INTO daily_tool_stats (date, tool_id, downloads, unique_users) VALUES ('2025-12-02', 16, 54, 21);
INSERT OR REPLACE INTO daily_tool_stats (date, tool_id, downloads, unique_users) VALUES ('2025-12-02', 17, 59, 23);
INSERT OR REPLACE INTO daily_tool_stats (date, tool_id, downloads, unique_users) VALUES ('2025-12-02', 18, 29, 11);
INSERT OR REPLACE INTO daily_tool_stats (date, tool_id, downloads, unique_users) VALUES ('2025-12-02', 19, 48, 19);
INSERT OR REPLACE INTO daily_tool_stats (date, tool_id, downloads, unique_users) VALUES ('2025-12-02', 20, 68, 27);
INSERT OR REPLACE INTO daily_tool_stats (date, tool_id, downloads, unique_users) VALUES ('2025-12-01', 1, 182, 72);
INSERT OR REPLACE INTO daily_tool_stats (date, tool_id, downloads, unique_users) VALUES ('2025-12-01', 2, 201, 80);
INSERT OR REPLACE INTO daily_tool_stats (date, tool_id, downloads, unique_users) VALUES ('2025-12-01', 3, 289, 115);
INSERT OR REPLACE INTO daily_tool_stats (date, tool_id, downloads, unique_users) VALUES ('2025-12-01', 4, 179, 71);
INSERT OR REPLACE INTO daily_tool_stats (date, tool_id, downloads, unique_users) VALUES ('2025-12-01', 5, 254, 101);
INSERT OR REPLACE INTO daily_tool_stats (date, tool_id, downloads, unique_users) VALUES ('2025-12-01', 6, 72, 28);
INSERT OR REPLACE INTO daily_tool_stats (date, tool_id, downloads, unique_users) VALUES ('2025-12-01', 7, 79, 31);
INSERT OR REPLACE INTO daily_tool_stats (date, tool_id, downloads, unique_users) VALUES ('2025-12-01', 8, 127, 50);
INSERT OR REPLACE INTO daily_tool_stats (date, tool_id, downloads, unique_users) VALUES ('2025-12-01', 9, 107, 42);
INSERT OR REPLACE INTO daily_tool_stats (date, tool_id, downloads, unique_users) VALUES ('2025-12-01', 10, 108, 43);
INSERT OR REPLACE INTO daily_tool_stats (date, tool_id, downloads, unique_users) VALUES ('2025-12-01', 11, 70, 28);
INSERT OR REPLACE INTO daily_tool_stats (date, tool_id, downloads, unique_users) VALUES ('2025-12-01', 12, 54, 21);
INSERT OR REPLACE INTO daily_tool_stats (date, tool_id, downloads, unique_users) VALUES ('2025-12-01', 13, 56, 22);
INSERT OR REPLACE INTO daily_tool_stats (date, tool_id, downloads, unique_users) VALUES ('2025-12-01', 14, 60, 24);
INSERT OR REPLACE INTO daily_tool_stats (date, tool_id, downloads, unique_users) VALUES ('2025-12-01', 15, 41, 16);
INSERT OR REPLACE INTO daily_tool_stats (date, tool_id, downloads, unique_users) VALUES ('2025-12-01', 16, 39, 15);
INSERT OR REPLACE INTO daily_tool_stats (date, tool_id, downloads, unique_users) VALUES ('2025-12-01', 17, 35, 14);
INSERT OR REPLACE INTO daily_tool_stats (date, tool_id, downloads, unique_users) VALUES ('2025-12-01', 18, 50, 20);
INSERT OR REPLACE INTO daily_tool_stats (date, tool_id, downloads, unique_users) VALUES ('2025-12-01', 19, 74, 29);
INSERT OR REPLACE INTO daily_tool_stats (date, tool_id, downloads, unique_users) VALUES ('2025-12-01', 20, 41, 16);
INSERT OR REPLACE INTO daily_tool_stats (date, tool_id, downloads, unique_users) VALUES ('2025-11-30', 1, 203, 81);
INSERT OR REPLACE INTO daily_tool_stats (date, tool_id, downloads, unique_users) VALUES ('2025-11-30', 2, 282, 112);
INSERT OR REPLACE INTO daily_tool_stats (date, tool_id, downloads, unique_users) VALUES ('2025-11-30', 3, 169, 67);
INSERT OR REPLACE INTO daily_tool_stats (date, tool_id, downloads, unique_users) VALUES ('2025-11-30', 4, 267, 106);
INSERT OR REPLACE INTO daily_tool_stats (date, tool_id, downloads, unique_users) VALUES ('2025-11-30', 5, 206, 82);
INSERT OR REPLACE INTO daily_tool_stats (date, tool_id, downloads, unique_users) VALUES ('2025-11-30', 6, 58, 23);
INSERT OR REPLACE INTO daily_tool_stats (date, tool_id, downloads, unique_users) VALUES ('2025-11-30', 7, 62, 24);
INSERT OR REPLACE INTO daily_tool_stats (date, tool_id, downloads, unique_users) VALUES ('2025-11-30', 8, 110, 44);
INSERT OR REPLACE INTO daily_tool_stats (date, tool_id, downloads, unique_users) VALUES ('2025-11-30', 9, 128, 51);
INSERT OR REPLACE INTO daily_tool_stats (date, tool_id, downloads, unique_users) VALUES ('2025-11-30', 10, 115, 46);
INSERT OR REPLACE INTO daily_tool_stats (date, tool_id, downloads, unique_users) VALUES ('2025-11-30', 11, 39, 15);
INSERT OR REPLACE INTO daily_tool_stats (date, tool_id, downloads, unique_users) VALUES ('2025-11-30', 12, 31, 12);
INSERT OR REPLACE INTO daily_tool_stats (date, tool_id, downloads, unique_users) VALUES ('2025-11-30', 13, 70, 28);
INSERT OR REPLACE INTO daily_tool_stats (date, tool_id, downloads, unique_users) VALUES ('2025-11-30', 14, 67, 26);
INSERT OR REPLACE INTO daily_tool_stats (date, tool_id, downloads, unique_users) VALUES ('2025-11-30', 15, 30, 12);
INSERT OR REPLACE INTO daily_tool_stats (date, tool_id, downloads, unique_users) VALUES ('2025-11-30', 16, 72, 28);
INSERT OR REPLACE INTO daily_tool_stats (date, tool_id, downloads, unique_users) VALUES ('2025-11-30', 17, 55, 22);
INSERT OR REPLACE INTO daily_tool_stats (date, tool_id, downloads, unique_users) VALUES ('2025-11-30', 18, 35, 14);
INSERT OR REPLACE INTO daily_tool_stats (date, tool_id, downloads, unique_users) VALUES ('2025-11-30', 19, 39, 15);
INSERT OR REPLACE INTO daily_tool_stats (date, tool_id, downloads, unique_users) VALUES ('2025-11-30', 20, 59, 23);
INSERT OR REPLACE INTO daily_tool_stats (date, tool_id, downloads, unique_users) VALUES ('2025-11-29', 1, 191, 76);
INSERT OR REPLACE INTO daily_tool_stats (date, tool_id, downloads, unique_users) VALUES ('2025-11-29', 2, 228, 91);
INSERT OR REPLACE INTO daily_tool_stats (date, tool_id, downloads, unique_users) VALUES ('2025-11-29', 3, 237, 94);
INSERT OR REPLACE INTO daily_tool_stats (date, tool_id, downloads, unique_users) VALUES ('2025-11-29', 4, 176, 70);
INSERT OR REPLACE INTO daily_tool_stats (date, tool_id, downloads, unique_users) VALUES ('2025-11-29', 5, 220, 88);
INSERT OR REPLACE INTO daily_tool_stats (date, tool_id, downloads, unique_users) VALUES ('2025-11-29', 6, 92, 36);
INSERT OR REPLACE INTO daily_tool_stats (date, tool_id, downloads, unique_users) VALUES ('2025-11-29', 7, 125, 50);
INSERT OR REPLACE INTO daily_tool_stats (date, tool_id, downloads, unique_users) VALUES ('2025-11-29', 8, 134, 53);
INSERT OR REPLACE INTO daily_tool_stats (date, tool_id, downloads, unique_users) VALUES ('2025-11-29', 9, 95, 38);
INSERT OR REPLACE INTO daily_tool_stats (date, tool_id, downloads, unique_users) VALUES ('2025-11-29', 10, 118, 47);
INSERT OR REPLACE INTO daily_tool_stats (date, tool_id, downloads, unique_users) VALUES ('2025-11-29', 11, 46, 18);
INSERT OR REPLACE INTO daily_tool_stats (date, tool_id, downloads, unique_users) VALUES ('2025-11-29', 12, 60, 24);
INSERT OR REPLACE INTO daily_tool_stats (date, tool_id, downloads, unique_users) VALUES ('2025-11-29', 13, 42, 16);
INSERT OR REPLACE INTO daily_tool_stats (date, tool_id, downloads, unique_users) VALUES ('2025-11-29', 14, 43, 17);
INSERT OR REPLACE INTO daily_tool_stats (date, tool_id, downloads, unique_users) VALUES ('2025-11-29', 15, 74, 29);
INSERT OR REPLACE INTO daily_tool_stats (date, tool_id, downloads, unique_users) VALUES ('2025-11-29', 16, 47, 18);
INSERT OR REPLACE INTO daily_tool_stats (date, tool_id, downloads, unique_users) VALUES ('2025-11-29', 17, 67, 26);
INSERT OR REPLACE INTO daily_tool_stats (date, tool_id, downloads, unique_users) VALUES ('2025-11-29', 18, 40, 16);
INSERT OR REPLACE INTO daily_tool_stats (date, tool_id, downloads, unique_users) VALUES ('2025-11-29', 19, 50, 20);
INSERT OR REPLACE INTO daily_tool_stats (date, tool_id, downloads, unique_users) VALUES ('2025-11-29', 20, 50, 20);
INSERT OR REPLACE INTO daily_tool_stats (date, tool_id, downloads, unique_users) VALUES ('2025-11-28', 1, 177, 70);
INSERT OR REPLACE INTO daily_tool_stats (date, tool_id, downloads, unique_users) VALUES ('2025-11-28', 2, 191, 76);
INSERT OR REPLACE INTO daily_tool_stats (date, tool_id, downloads, unique_users) VALUES ('2025-11-28', 3, 145, 58);
INSERT OR REPLACE INTO daily_tool_stats (date, tool_id, downloads, unique_users) VALUES ('2025-11-28', 4, 115, 46);
INSERT OR REPLACE INTO daily_tool_stats (date, tool_id, downloads, unique_users) VALUES ('2025-11-28', 5, 242, 96);
INSERT OR REPLACE INTO daily_tool_stats (date, tool_id, downloads, unique_users) VALUES ('2025-11-28', 6, 95, 38);
INSERT OR REPLACE INTO daily_tool_stats (date, tool_id, downloads, unique_users) VALUES ('2025-11-28', 7, 96, 38);
INSERT OR REPLACE INTO daily_tool_stats (date, tool_id, downloads, unique_users) VALUES ('2025-11-28', 8, 136, 54);
INSERT OR REPLACE INTO daily_tool_stats (date, tool_id, downloads, unique_users) VALUES ('2025-11-28', 9, 103, 41);
INSERT OR REPLACE INTO daily_tool_stats (date, tool_id, downloads, unique_users) VALUES ('2025-11-28', 10, 76, 30);
INSERT OR REPLACE INTO daily_tool_stats (date, tool_id, downloads, unique_users) VALUES ('2025-11-28', 11, 61, 24);
INSERT OR REPLACE INTO daily_tool_stats (date, tool_id, downloads, unique_users) VALUES ('2025-11-28', 12, 59, 23);
INSERT OR REPLACE INTO daily_tool_stats (date, tool_id, downloads, unique_users) VALUES ('2025-11-28', 13, 73, 29);
INSERT OR REPLACE INTO daily_tool_stats (date, tool_id, downloads, unique_users) VALUES ('2025-11-28', 14, 30, 12);
INSERT OR REPLACE INTO daily_tool_stats (date, tool_id, downloads, unique_users) VALUES ('2025-11-28', 15, 25, 10);
INSERT OR REPLACE INTO daily_tool_stats (date, tool_id, downloads, unique_users) VALUES ('2025-11-28', 16, 34, 13);
INSERT OR REPLACE INTO daily_tool_stats (date, tool_id, downloads, unique_users) VALUES ('2025-11-28', 17, 72, 28);
INSERT OR REPLACE INTO daily_tool_stats (date, tool_id, downloads, unique_users) VALUES ('2025-11-28', 18, 51, 20);
INSERT OR REPLACE INTO daily_tool_stats (date, tool_id, downloads, unique_users) VALUES ('2025-11-28', 19, 67, 26);
INSERT OR REPLACE INTO daily_tool_stats (date, tool_id, downloads, unique_users) VALUES ('2025-11-28', 20, 61, 24);
INSERT OR REPLACE INTO daily_tool_stats (date, tool_id, downloads, unique_users) VALUES ('2025-11-27', 1, 220, 88);
INSERT OR REPLACE INTO daily_tool_stats (date, tool_id, downloads, unique_users) VALUES ('2025-11-27', 2, 191, 76);
INSERT OR REPLACE INTO daily_tool_stats (date, tool_id, downloads, unique_users) VALUES ('2025-11-27', 3, 187, 74);
INSERT OR REPLACE INTO daily_tool_stats (date, tool_id, downloads, unique_users) VALUES ('2025-11-27', 4, 196, 78);
INSERT OR REPLACE INTO daily_tool_stats (date, tool_id, downloads, unique_users) VALUES ('2025-11-27', 5, 275, 110);
INSERT OR REPLACE INTO daily_tool_stats (date, tool_id, downloads, unique_users) VALUES ('2025-11-27', 6, 51, 20);
INSERT OR REPLACE INTO daily_tool_stats (date, tool_id, downloads, unique_users) VALUES ('2025-11-27', 7, 140, 56);
INSERT OR REPLACE INTO daily_tool_stats (date, tool_id, downloads, unique_users) VALUES ('2025-11-27', 8, 137, 54);
INSERT OR REPLACE INTO daily_tool_stats (date, tool_id, downloads, unique_users) VALUES ('2025-11-27', 9, 87, 34);
INSERT OR REPLACE INTO daily_tool_stats (date, tool_id, downloads, unique_users) VALUES ('2025-11-27', 10, 132, 52);
INSERT OR REPLACE INTO daily_tool_stats (date, tool_id, downloads, unique_users) VALUES ('2025-11-27', 11, 29, 11);
INSERT OR REPLACE INTO daily_tool_stats (date, tool_id, downloads, unique_users) VALUES ('2025-11-27', 12, 61, 24);
INSERT OR REPLACE INTO daily_tool_stats (date, tool_id, downloads, unique_users) VALUES ('2025-11-27', 13, 28, 11);
INSERT OR REPLACE INTO daily_tool_stats (date, tool_id, downloads, unique_users) VALUES ('2025-11-27', 14, 44, 17);
INSERT OR REPLACE INTO daily_tool_stats (date, tool_id, downloads, unique_users) VALUES ('2025-11-27', 15, 48, 19);
INSERT OR REPLACE INTO daily_tool_stats (date, tool_id, downloads, unique_users) VALUES ('2025-11-27', 16, 67, 26);
INSERT OR REPLACE INTO daily_tool_stats (date, tool_id, downloads, unique_users) VALUES ('2025-11-27', 17, 64, 25);
INSERT OR REPLACE INTO daily_tool_stats (date, tool_id, downloads, unique_users) VALUES ('2025-11-27', 18, 67, 26);
INSERT OR REPLACE INTO daily_tool_stats (date, tool_id, downloads, unique_users) VALUES ('2025-11-27', 19, 63, 25);
INSERT OR REPLACE INTO daily_tool_stats (date, tool_id, downloads, unique_users) VALUES ('2025-11-27', 20, 34, 13);
INSERT OR REPLACE INTO daily_tool_stats (date, tool_id, downloads, unique_users) VALUES ('2025-11-26', 1, 204, 81);
INSERT OR REPLACE INTO daily_tool_stats (date, tool_id, downloads, unique_users) VALUES ('2025-11-26', 2, 295, 118);
INSERT OR REPLACE INTO daily_tool_stats (date, tool_id, downloads, unique_users) VALUES ('2025-11-26', 3, 164, 65);
INSERT OR REPLACE INTO daily_tool_stats (date, tool_id, downloads, unique_users) VALUES ('2025-11-26', 4, 249, 99);
INSERT OR REPLACE INTO daily_tool_stats (date, tool_id, downloads, unique_users) VALUES ('2025-11-26', 5, 109, 43);
INSERT OR REPLACE INTO daily_tool_stats (date, tool_id, downloads, unique_users) VALUES ('2025-11-26', 6, 54, 21);
INSERT OR REPLACE INTO daily_tool_stats (date, tool_id, downloads, unique_users) VALUES ('2025-11-26', 7, 71, 28);
INSERT OR REPLACE INTO daily_tool_stats (date, tool_id, downloads, unique_users) VALUES ('2025-11-26', 8, 73, 29);
INSERT OR REPLACE INTO daily_tool_stats (date, tool_id, downloads, unique_users) VALUES ('2025-11-26', 9, 87, 34);
INSERT OR REPLACE INTO daily_tool_stats (date, tool_id, downloads, unique_users) VALUES ('2025-11-26', 10, 88, 35);
INSERT OR REPLACE INTO daily_tool_stats (date, tool_id, downloads, unique_users) VALUES ('2025-11-26', 11, 27, 10);
INSERT OR REPLACE INTO daily_tool_stats (date, tool_id, downloads, unique_users) VALUES ('2025-11-26', 12, 61, 24);
INSERT OR REPLACE INTO daily_tool_stats (date, tool_id, downloads, unique_users) VALUES ('2025-11-26', 13, 32, 12);
INSERT OR REPLACE INTO daily_tool_stats (date, tool_id, downloads, unique_users) VALUES ('2025-11-26', 14, 59, 23);
INSERT OR REPLACE INTO daily_tool_stats (date, tool_id, downloads, unique_users) VALUES ('2025-11-26', 15, 68, 27);
INSERT OR REPLACE INTO daily_tool_stats (date, tool_id, downloads, unique_users) VALUES ('2025-11-26', 16, 48, 19);
INSERT OR REPLACE INTO daily_tool_stats (date, tool_id, downloads, unique_users) VALUES ('2025-11-26', 17, 32, 12);
INSERT OR REPLACE INTO daily_tool_stats (date, tool_id, downloads, unique_users) VALUES ('2025-11-26', 18, 40, 16);
INSERT OR REPLACE INTO daily_tool_stats (date, tool_id, downloads, unique_users) VALUES ('2025-11-26', 19, 69, 27);
INSERT OR REPLACE INTO daily_tool_stats (date, tool_id, downloads, unique_users) VALUES ('2025-11-26', 20, 29, 11);
INSERT OR REPLACE INTO daily_tool_stats (date, tool_id, downloads, unique_users) VALUES ('2025-11-25', 1, 243, 97);
INSERT OR REPLACE INTO daily_tool_stats (date, tool_id, downloads, unique_users) VALUES ('2025-11-25', 2, 247, 98);
INSERT OR REPLACE INTO daily_tool_stats (date, tool_id, downloads, unique_users) VALUES ('2025-11-25', 3, 100, 40);
INSERT OR REPLACE INTO daily_tool_stats (date, tool_id, downloads, unique_users) VALUES ('2025-11-25', 4, 233, 93);
INSERT OR REPLACE INTO daily_tool_stats (date, tool_id, downloads, unique_users) VALUES ('2025-11-25', 5, 269, 107);
INSERT OR REPLACE INTO daily_tool_stats (date, tool_id, downloads, unique_users) VALUES ('2025-11-25', 6, 99, 39);
INSERT OR REPLACE INTO daily_tool_stats (date, tool_id, downloads, unique_users) VALUES ('2025-11-25', 7, 128, 51);
INSERT OR REPLACE INTO daily_tool_stats (date, tool_id, downloads, unique_users) VALUES ('2025-11-25', 8, 75, 30);
INSERT OR REPLACE INTO daily_tool_stats (date, tool_id, downloads, unique_users) VALUES ('2025-11-25', 9, 58, 23);
INSERT OR REPLACE INTO daily_tool_stats (date, tool_id, downloads, unique_users) VALUES ('2025-11-25', 10, 103, 41);
INSERT OR REPLACE INTO daily_tool_stats (date, tool_id, downloads, unique_users) VALUES ('2025-11-25', 11, 72, 28);
INSERT OR REPLACE INTO daily_tool_stats (date, tool_id, downloads, unique_users) VALUES ('2025-11-25', 12, 62, 24);
INSERT OR REPLACE INTO daily_tool_stats (date, tool_id, downloads, unique_users) VALUES ('2025-11-25', 13, 60, 24);
INSERT OR REPLACE INTO daily_tool_stats (date, tool_id, downloads, unique_users) VALUES ('2025-11-25', 14, 63, 25);
INSERT OR REPLACE INTO daily_tool_stats (date, tool_id, downloads, unique_users) VALUES ('2025-11-25', 15, 67, 26);
INSERT OR REPLACE INTO daily_tool_stats (date, tool_id, downloads, unique_users) VALUES ('2025-11-25', 16, 26, 10);
INSERT OR REPLACE INTO daily_tool_stats (date, tool_id, downloads, unique_users) VALUES ('2025-11-25', 17, 72, 28);
INSERT OR REPLACE INTO daily_tool_stats (date, tool_id, downloads, unique_users) VALUES ('2025-11-25', 18, 69, 27);
INSERT OR REPLACE INTO daily_tool_stats (date, tool_id, downloads, unique_users) VALUES ('2025-11-25', 19, 70, 28);
INSERT OR REPLACE INTO daily_tool_stats (date, tool_id, downloads, unique_users) VALUES ('2025-11-25', 20, 52, 20);
INSERT OR REPLACE INTO daily_tool_stats (date, tool_id, downloads, unique_users) VALUES ('2025-11-24', 1, 280, 112);
INSERT OR REPLACE INTO daily_tool_stats (date, tool_id, downloads, unique_users) VALUES ('2025-11-24', 2, 177, 70);
INSERT OR REPLACE INTO daily_tool_stats (date, tool_id, downloads, unique_users) VALUES ('2025-11-24', 3, 214, 85);
INSERT OR REPLACE INTO daily_tool_stats (date, tool_id, downloads, unique_users) VALUES ('2025-11-24', 4, 266, 106);
INSERT OR REPLACE INTO daily_tool_stats (date, tool_id, downloads, unique_users) VALUES ('2025-11-24', 5, 226, 90);
INSERT OR REPLACE INTO daily_tool_stats (date, tool_id, downloads, unique_users) VALUES ('2025-11-24', 6, 88, 35);
INSERT OR REPLACE INTO daily_tool_stats (date, tool_id, downloads, unique_users) VALUES ('2025-11-24', 7, 129, 51);
INSERT OR REPLACE INTO daily_tool_stats (date, tool_id, downloads, unique_users) VALUES ('2025-11-24', 8, 117, 46);
INSERT OR REPLACE INTO daily_tool_stats (date, tool_id, downloads, unique_users) VALUES ('2025-11-24', 9, 121, 48);
INSERT OR REPLACE INTO daily_tool_stats (date, tool_id, downloads, unique_users) VALUES ('2025-11-24', 10, 95, 38);
INSERT OR REPLACE INTO daily_tool_stats (date, tool_id, downloads, unique_users) VALUES ('2025-11-24', 11, 30, 12);
INSERT OR REPLACE INTO daily_tool_stats (date, tool_id, downloads, unique_users) VALUES ('2025-11-24', 12, 54, 21);
INSERT OR REPLACE INTO daily_tool_stats (date, tool_id, downloads, unique_users) VALUES ('2025-11-24', 13, 53, 21);
INSERT OR REPLACE INTO daily_tool_stats (date, tool_id, downloads, unique_users) VALUES ('2025-11-24', 14, 32, 12);
INSERT OR REPLACE INTO daily_tool_stats (date, tool_id, downloads, unique_users) VALUES ('2025-11-24', 15, 45, 18);
INSERT OR REPLACE INTO daily_tool_stats (date, tool_id, downloads, unique_users) VALUES ('2025-11-24', 16, 26, 10);
INSERT OR REPLACE INTO daily_tool_stats (date, tool_id, downloads, unique_users) VALUES ('2025-11-24', 17, 46, 18);
INSERT OR REPLACE INTO daily_tool_stats (date, tool_id, downloads, unique_users) VALUES ('2025-11-24', 18, 40, 16);
INSERT OR REPLACE INTO daily_tool_stats (date, tool_id, downloads, unique_users) VALUES ('2025-11-24', 19, 66, 26);
INSERT OR REPLACE INTO daily_tool_stats (date, tool_id, downloads, unique_users) VALUES ('2025-11-24', 20, 42, 16);
INSERT OR REPLACE INTO daily_tool_stats (date, tool_id, downloads, unique_users) VALUES ('2025-11-23', 1, 204, 81);
INSERT OR REPLACE INTO daily_tool_stats (date, tool_id, downloads, unique_users) VALUES ('2025-11-23', 2, 121, 48);
INSERT OR REPLACE INTO daily_tool_stats (date, tool_id, downloads, unique_users) VALUES ('2025-11-23', 3, 142, 56);
INSERT OR REPLACE INTO daily_tool_stats (date, tool_id, downloads, unique_users) VALUES ('2025-11-23', 4, 203, 81);
INSERT OR REPLACE INTO daily_tool_stats (date, tool_id, downloads, unique_users) VALUES ('2025-11-23', 5, 271, 108);
INSERT OR REPLACE INTO daily_tool_stats (date, tool_id, downloads, unique_users) VALUES ('2025-11-23', 6, 56, 22);
INSERT OR REPLACE INTO daily_tool_stats (date, tool_id, downloads, unique_users) VALUES ('2025-11-23', 7, 143, 57);
INSERT OR REPLACE INTO daily_tool_stats (date, tool_id, downloads, unique_users) VALUES ('2025-11-23', 8, 65, 26);
INSERT OR REPLACE INTO daily_tool_stats (date, tool_id, downloads, unique_users) VALUES ('2025-11-23', 9, 130, 52);
INSERT OR REPLACE INTO daily_tool_stats (date, tool_id, downloads, unique_users) VALUES ('2025-11-23', 10, 114, 45);
INSERT OR REPLACE INTO daily_tool_stats (date, tool_id, downloads, unique_users) VALUES ('2025-11-23', 11, 27, 10);
INSERT OR REPLACE INTO daily_tool_stats (date, tool_id, downloads, unique_users) VALUES ('2025-11-23', 12, 70, 28);
INSERT OR REPLACE INTO daily_tool_stats (date, tool_id, downloads, unique_users) VALUES ('2025-11-23', 13, 33, 13);
INSERT OR REPLACE INTO daily_tool_stats (date, tool_id, downloads, unique_users) VALUES ('2025-11-23', 14, 65, 26);
INSERT OR REPLACE INTO daily_tool_stats (date, tool_id, downloads, unique_users) VALUES ('2025-11-23', 15, 27, 10);
INSERT OR REPLACE INTO daily_tool_stats (date, tool_id, downloads, unique_users) VALUES ('2025-11-23', 16, 52, 20);
INSERT OR REPLACE INTO daily_tool_stats (date, tool_id, downloads, unique_users) VALUES ('2025-11-23', 17, 62, 24);
INSERT OR REPLACE INTO daily_tool_stats (date, tool_id, downloads, unique_users) VALUES ('2025-11-23', 18, 57, 22);
INSERT OR REPLACE INTO daily_tool_stats (date, tool_id, downloads, unique_users) VALUES ('2025-11-23', 19, 41, 16);
INSERT OR REPLACE INTO daily_tool_stats (date, tool_id, downloads, unique_users) VALUES ('2025-11-23', 20, 42, 16);
INSERT OR REPLACE INTO daily_tool_stats (date, tool_id, downloads, unique_users) VALUES ('2025-11-22', 1, 248, 99);
INSERT OR REPLACE INTO daily_tool_stats (date, tool_id, downloads, unique_users) VALUES ('2025-11-22', 2, 255, 102);
INSERT OR REPLACE INTO daily_tool_stats (date, tool_id, downloads, unique_users) VALUES ('2025-11-22', 3, 222, 88);
INSERT OR REPLACE INTO daily_tool_stats (date, tool_id, downloads, unique_users) VALUES ('2025-11-22', 4, 214, 85);
INSERT OR REPLACE INTO daily_tool_stats (date, tool_id, downloads, unique_users) VALUES ('2025-11-22', 5, 219, 87);
INSERT OR REPLACE INTO daily_tool_stats (date, tool_id, downloads, unique_users) VALUES ('2025-11-22', 6, 108, 43);
INSERT OR REPLACE INTO daily_tool_stats (date, tool_id, downloads, unique_users) VALUES ('2025-11-22', 7, 72, 28);
INSERT OR REPLACE INTO daily_tool_stats (date, tool_id, downloads, unique_users) VALUES ('2025-11-22', 8, 108, 43);
INSERT OR REPLACE INTO daily_tool_stats (date, tool_id, downloads, unique_users) VALUES ('2025-11-22', 9, 99, 39);
INSERT OR REPLACE INTO daily_tool_stats (date, tool_id, downloads, unique_users) VALUES ('2025-11-22', 10, 115, 46);
INSERT OR REPLACE INTO daily_tool_stats (date, tool_id, downloads, unique_users) VALUES ('2025-11-22', 11, 27, 10);
INSERT OR REPLACE INTO daily_tool_stats (date, tool_id, downloads, unique_users) VALUES ('2025-11-22', 12, 45, 18);
INSERT OR REPLACE INTO daily_tool_stats (date, tool_id, downloads, unique_users) VALUES ('2025-11-22', 13, 26, 10);
INSERT OR REPLACE INTO daily_tool_stats (date, tool_id, downloads, unique_users) VALUES ('2025-11-22', 14, 73, 29);
INSERT OR REPLACE INTO daily_tool_stats (date, tool_id, downloads, unique_users) VALUES ('2025-11-22', 15, 65, 26);
INSERT OR REPLACE INTO daily_tool_stats (date, tool_id, downloads, unique_users) VALUES ('2025-11-22', 16, 32, 12);
INSERT OR REPLACE INTO daily_tool_stats (date, tool_id, downloads, unique_users) VALUES ('2025-11-22', 17, 60, 24);
INSERT OR REPLACE INTO daily_tool_stats (date, tool_id, downloads, unique_users) VALUES ('2025-11-22', 18, 72, 28);
INSERT OR REPLACE INTO daily_tool_stats (date, tool_id, downloads, unique_users) VALUES ('2025-11-22', 19, 62, 24);
INSERT OR REPLACE INTO daily_tool_stats (date, tool_id, downloads, unique_users) VALUES ('2025-11-22', 20, 37, 14);
INSERT OR REPLACE INTO daily_tool_stats (date, tool_id, downloads, unique_users) VALUES ('2025-11-21', 1, 149, 59);
INSERT OR REPLACE INTO daily_tool_stats (date, tool_id, downloads, unique_users) VALUES ('2025-11-21', 2, 169, 67);
INSERT OR REPLACE INTO daily_tool_stats (date, tool_id, downloads, unique_users) VALUES ('2025-11-21', 3, 119, 47);
INSERT OR REPLACE INTO daily_tool_stats (date, tool_id, downloads, unique_users) VALUES ('2025-11-21', 4, 222, 88);
INSERT OR REPLACE INTO daily_tool_stats (date, tool_id, downloads, unique_users) VALUES ('2025-11-21', 5, 175, 70);
INSERT OR REPLACE INTO daily_tool_stats (date, tool_id, downloads, unique_users) VALUES ('2025-11-21', 6, 125, 50);
INSERT OR REPLACE INTO daily_tool_stats (date, tool_id, downloads, unique_users) VALUES ('2025-11-21', 7, 135, 54);
INSERT OR REPLACE INTO daily_tool_stats (date, tool_id, downloads, unique_users) VALUES ('2025-11-21', 8, 129, 51);
INSERT OR REPLACE INTO daily_tool_stats (date, tool_id, downloads, unique_users) VALUES ('2025-11-21', 9, 105, 42);
INSERT OR REPLACE INTO daily_tool_stats (date, tool_id, downloads, unique_users) VALUES ('2025-11-21', 10, 53, 21);
INSERT OR REPLACE INTO daily_tool_stats (date, tool_id, downloads, unique_users) VALUES ('2025-11-21', 11, 26, 10);
INSERT OR REPLACE INTO daily_tool_stats (date, tool_id, downloads, unique_users) VALUES ('2025-11-21', 12, 44, 17);
INSERT OR REPLACE INTO daily_tool_stats (date, tool_id, downloads, unique_users) VALUES ('2025-11-21', 13, 69, 27);
INSERT OR REPLACE INTO daily_tool_stats (date, tool_id, downloads, unique_users) VALUES ('2025-11-21', 14, 58, 23);
INSERT OR REPLACE INTO daily_tool_stats (date, tool_id, downloads, unique_users) VALUES ('2025-11-21', 15, 42, 16);
INSERT OR REPLACE INTO daily_tool_stats (date, tool_id, downloads, unique_users) VALUES ('2025-11-21', 16, 70, 28);
INSERT OR REPLACE INTO daily_tool_stats (date, tool_id, downloads, unique_users) VALUES ('2025-11-21', 17, 37, 14);
INSERT OR REPLACE INTO daily_tool_stats (date, tool_id, downloads, unique_users) VALUES ('2025-11-21', 18, 60, 24);
INSERT OR REPLACE INTO daily_tool_stats (date, tool_id, downloads, unique_users) VALUES ('2025-11-21', 19, 56, 22);
INSERT OR REPLACE INTO daily_tool_stats (date, tool_id, downloads, unique_users) VALUES ('2025-11-21', 20, 51, 20);
INSERT OR REPLACE INTO daily_tool_stats (date, tool_id, downloads, unique_users) VALUES ('2025-11-20', 1, 235, 94);
INSERT OR REPLACE INTO daily_tool_stats (date, tool_id, downloads, unique_users) VALUES ('2025-11-20', 2, 197, 78);
INSERT OR REPLACE INTO daily_tool_stats (date, tool_id, downloads, unique_users) VALUES ('2025-11-20', 3, 138, 55);
INSERT OR REPLACE INTO daily_tool_stats (date, tool_id, downloads, unique_users) VALUES ('2025-11-20', 4, 281, 112);
INSERT OR REPLACE INTO daily_tool_stats (date, tool_id, downloads, unique_users) VALUES ('2025-11-20', 5, 105, 42);
INSERT OR REPLACE INTO daily_tool_stats (date, tool_id, downloads, unique_users) VALUES ('2025-11-20', 6, 120, 48);
INSERT OR REPLACE INTO daily_tool_stats (date, tool_id, downloads, unique_users) VALUES ('2025-11-20', 7, 93, 37);
INSERT OR REPLACE INTO daily_tool_stats (date, tool_id, downloads, unique_users) VALUES ('2025-11-20', 8, 110, 44);
INSERT OR REPLACE INTO daily_tool_stats (date, tool_id, downloads, unique_users) VALUES ('2025-11-20', 9, 55, 22);
INSERT OR REPLACE INTO daily_tool_stats (date, tool_id, downloads, unique_users) VALUES ('2025-11-20', 10, 59, 23);
INSERT OR REPLACE INTO daily_tool_stats (date, tool_id, downloads, unique_users) VALUES ('2025-11-20', 11, 74, 29);
INSERT OR REPLACE INTO daily_tool_stats (date, tool_id, downloads, unique_users) VALUES ('2025-11-20', 12, 59, 23);
INSERT OR REPLACE INTO daily_tool_stats (date, tool_id, downloads, unique_users) VALUES ('2025-11-20', 13, 30, 12);
INSERT OR REPLACE INTO daily_tool_stats (date, tool_id, downloads, unique_users) VALUES ('2025-11-20', 14, 65, 26);
INSERT OR REPLACE INTO daily_tool_stats (date, tool_id, downloads, unique_users) VALUES ('2025-11-20', 15, 32, 12);
INSERT OR REPLACE INTO daily_tool_stats (date, tool_id, downloads, unique_users) VALUES ('2025-11-20', 16, 27, 10);
INSERT OR REPLACE INTO daily_tool_stats (date, tool_id, downloads, unique_users) VALUES ('2025-11-20', 17, 50, 20);
INSERT OR REPLACE INTO daily_tool_stats (date, tool_id, downloads, unique_users) VALUES ('2025-11-20', 18, 44, 17);
INSERT OR REPLACE INTO daily_tool_stats (date, tool_id, downloads, unique_users) VALUES ('2025-11-20', 19, 73, 29);
INSERT OR REPLACE INTO daily_tool_stats (date, tool_id, downloads, unique_users) VALUES ('2025-11-20', 20, 63, 25);
INSERT OR REPLACE INTO daily_tool_stats (date, tool_id, downloads, unique_users) VALUES ('2025-11-19', 1, 299, 119);
INSERT OR REPLACE INTO daily_tool_stats (date, tool_id, downloads, unique_users) VALUES ('2025-11-19', 2, 130, 52);
INSERT OR REPLACE INTO daily_tool_stats (date, tool_id, downloads, unique_users) VALUES ('2025-11-19', 3, 250, 100);
INSERT OR REPLACE INTO daily_tool_stats (date, tool_id, downloads, unique_users) VALUES ('2025-11-19', 4, 262, 104);
INSERT OR REPLACE INTO daily_tool_stats (date, tool_id, downloads, unique_users) VALUES ('2025-11-19', 5, 189, 75);
INSERT OR REPLACE INTO daily_tool_stats (date, tool_id, downloads, unique_users) VALUES ('2025-11-19', 6, 92, 36);
INSERT OR REPLACE INTO daily_tool_stats (date, tool_id, downloads, unique_users) VALUES ('2025-11-19', 7, 71, 28);
INSERT OR REPLACE INTO daily_tool_stats (date, tool_id, downloads, unique_users) VALUES ('2025-11-19', 8, 140, 56);
INSERT OR REPLACE INTO daily_tool_stats (date, tool_id, downloads, unique_users) VALUES ('2025-11-19', 9, 113, 45);
INSERT OR REPLACE INTO daily_tool_stats (date, tool_id, downloads, unique_users) VALUES ('2025-11-19', 10, 106, 42);
INSERT OR REPLACE INTO daily_tool_stats (date, tool_id, downloads, unique_users) VALUES ('2025-11-19', 11, 52, 20);
INSERT OR REPLACE INTO daily_tool_stats (date, tool_id, downloads, unique_users) VALUES ('2025-11-19', 12, 61, 24);
INSERT OR REPLACE INTO daily_tool_stats (date, tool_id, downloads, unique_users) VALUES ('2025-11-19', 13, 42, 16);
INSERT OR REPLACE INTO daily_tool_stats (date, tool_id, downloads, unique_users) VALUES ('2025-11-19', 14, 42, 16);
INSERT OR REPLACE INTO daily_tool_stats (date, tool_id, downloads, unique_users) VALUES ('2025-11-19', 15, 43, 17);
INSERT OR REPLACE INTO daily_tool_stats (date, tool_id, downloads, unique_users) VALUES ('2025-11-19', 16, 30, 12);
INSERT OR REPLACE INTO daily_tool_stats (date, tool_id, downloads, unique_users) VALUES ('2025-11-19', 17, 32, 12);
INSERT OR REPLACE INTO daily_tool_stats (date, tool_id, downloads, unique_users) VALUES ('2025-11-19', 18, 69, 27);
INSERT OR REPLACE INTO daily_tool_stats (date, tool_id, downloads, unique_users) VALUES ('2025-11-19', 19, 32, 12);
INSERT OR REPLACE INTO daily_tool_stats (date, tool_id, downloads, unique_users) VALUES ('2025-11-19', 20, 59, 23);
INSERT OR REPLACE INTO daily_tool_stats (date, tool_id, downloads, unique_users) VALUES ('2025-11-18', 1, 288, 115);
INSERT OR REPLACE INTO daily_tool_stats (date, tool_id, downloads, unique_users) VALUES ('2025-11-18', 2, 157, 62);
INSERT OR REPLACE INTO daily_tool_stats (date, tool_id, downloads, unique_users) VALUES ('2025-11-18', 3, 185, 74);
INSERT OR REPLACE INTO daily_tool_stats (date, tool_id, downloads, unique_users) VALUES ('2025-11-18', 4, 145, 58);
INSERT OR REPLACE INTO daily_tool_stats (date, tool_id, downloads, unique_users) VALUES ('2025-11-18', 5, 209, 83);
INSERT OR REPLACE INTO daily_tool_stats (date, tool_id, downloads, unique_users) VALUES ('2025-11-18', 6, 85, 34);
INSERT OR REPLACE INTO daily_tool_stats (date, tool_id, downloads, unique_users) VALUES ('2025-11-18', 7, 71, 28);
INSERT OR REPLACE INTO daily_tool_stats (date, tool_id, downloads, unique_users) VALUES ('2025-11-18', 8, 50, 20);
INSERT OR REPLACE INTO daily_tool_stats (date, tool_id, downloads, unique_users) VALUES ('2025-11-18', 9, 133, 53);
INSERT OR REPLACE INTO daily_tool_stats (date, tool_id, downloads, unique_users) VALUES ('2025-11-18', 10, 65, 26);
INSERT OR REPLACE INTO daily_tool_stats (date, tool_id, downloads, unique_users) VALUES ('2025-11-18', 11, 54, 21);
INSERT OR REPLACE INTO daily_tool_stats (date, tool_id, downloads, unique_users) VALUES ('2025-11-18', 12, 36, 14);
INSERT OR REPLACE INTO daily_tool_stats (date, tool_id, downloads, unique_users) VALUES ('2025-11-18', 13, 31, 12);
INSERT OR REPLACE INTO daily_tool_stats (date, tool_id, downloads, unique_users) VALUES ('2025-11-18', 14, 67, 26);
INSERT OR REPLACE INTO daily_tool_stats (date, tool_id, downloads, unique_users) VALUES ('2025-11-18', 15, 44, 17);
INSERT OR REPLACE INTO daily_tool_stats (date, tool_id, downloads, unique_users) VALUES ('2025-11-18', 16, 34, 13);
INSERT OR REPLACE INTO daily_tool_stats (date, tool_id, downloads, unique_users) VALUES ('2025-11-18', 17, 63, 25);
INSERT OR REPLACE INTO daily_tool_stats (date, tool_id, downloads, unique_users) VALUES ('2025-11-18', 18, 48, 19);
INSERT OR REPLACE INTO daily_tool_stats (date, tool_id, downloads, unique_users) VALUES ('2025-11-18', 19, 45, 18);
INSERT OR REPLACE INTO daily_tool_stats (date, tool_id, downloads, unique_users) VALUES ('2025-11-18', 20, 30, 12);
INSERT OR REPLACE INTO daily_tool_stats (date, tool_id, downloads, unique_users) VALUES ('2025-11-17', 1, 286, 114);
INSERT OR REPLACE INTO daily_tool_stats (date, tool_id, downloads, unique_users) VALUES ('2025-11-17', 2, 114, 45);
INSERT OR REPLACE INTO daily_tool_stats (date, tool_id, downloads, unique_users) VALUES ('2025-11-17', 3, 237, 94);
INSERT OR REPLACE INTO daily_tool_stats (date, tool_id, downloads, unique_users) VALUES ('2025-11-17', 4, 129, 51);
INSERT OR REPLACE INTO daily_tool_stats (date, tool_id, downloads, unique_users) VALUES ('2025-11-17', 5, 126, 50);
INSERT OR REPLACE INTO daily_tool_stats (date, tool_id, downloads, unique_users) VALUES ('2025-11-17', 6, 55, 22);
INSERT OR REPLACE INTO daily_tool_stats (date, tool_id, downloads, unique_users) VALUES ('2025-11-17', 7, 57, 22);
INSERT OR REPLACE INTO daily_tool_stats (date, tool_id, downloads, unique_users) VALUES ('2025-11-17', 8, 65, 26);
INSERT OR REPLACE INTO daily_tool_stats (date, tool_id, downloads, unique_users) VALUES ('2025-11-17', 9, 132, 52);
INSERT OR REPLACE INTO daily_tool_stats (date, tool_id, downloads, unique_users) VALUES ('2025-11-17', 10, 71, 28);
INSERT OR REPLACE INTO daily_tool_stats (date, tool_id, downloads, unique_users) VALUES ('2025-11-17', 11, 35, 14);
INSERT OR REPLACE INTO daily_tool_stats (date, tool_id, downloads, unique_users) VALUES ('2025-11-17', 12, 44, 17);
INSERT OR REPLACE INTO daily_tool_stats (date, tool_id, downloads, unique_users) VALUES ('2025-11-17', 13, 58, 23);
INSERT OR REPLACE INTO daily_tool_stats (date, tool_id, downloads, unique_users) VALUES ('2025-11-17', 14, 34, 13);
INSERT OR REPLACE INTO daily_tool_stats (date, tool_id, downloads, unique_users) VALUES ('2025-11-17', 15, 66, 26);
INSERT OR REPLACE INTO daily_tool_stats (date, tool_id, downloads, unique_users) VALUES ('2025-11-17', 16, 42, 16);
INSERT OR REPLACE INTO daily_tool_stats (date, tool_id, downloads, unique_users) VALUES ('2025-11-17', 17, 30, 12);
INSERT OR REPLACE INTO daily_tool_stats (date, tool_id, downloads, unique_users) VALUES ('2025-11-17', 18, 63, 25);
INSERT OR REPLACE INTO daily_tool_stats (date, tool_id, downloads, unique_users) VALUES ('2025-11-17', 19, 26, 10);
INSERT OR REPLACE INTO daily_tool_stats (date, tool_id, downloads, unique_users) VALUES ('2025-11-17', 20, 42, 16);
INSERT OR REPLACE INTO daily_tool_stats (date, tool_id, downloads, unique_users) VALUES ('2025-11-16', 1, 135, 54);
INSERT OR REPLACE INTO daily_tool_stats (date, tool_id, downloads, unique_users) VALUES ('2025-11-16', 2, 118, 47);
INSERT OR REPLACE INTO daily_tool_stats (date, tool_id, downloads, unique_users) VALUES ('2025-11-16', 3, 113, 45);
INSERT OR REPLACE INTO daily_tool_stats (date, tool_id, downloads, unique_users) VALUES ('2025-11-16', 4, 145, 58);
INSERT OR REPLACE INTO daily_tool_stats (date, tool_id, downloads, unique_users) VALUES ('2025-11-16', 5, 132, 52);
INSERT OR REPLACE INTO daily_tool_stats (date, tool_id, downloads, unique_users) VALUES ('2025-11-16', 6, 121, 48);
INSERT OR REPLACE INTO daily_tool_stats (date, tool_id, downloads, unique_users) VALUES ('2025-11-16', 7, 117, 46);
INSERT OR REPLACE INTO daily_tool_stats (date, tool_id, downloads, unique_users) VALUES ('2025-11-16', 8, 138, 55);
INSERT OR REPLACE INTO daily_tool_stats (date, tool_id, downloads, unique_users) VALUES ('2025-11-16', 9, 70, 28);
INSERT OR REPLACE INTO daily_tool_stats (date, tool_id, downloads, unique_users) VALUES ('2025-11-16', 10, 74, 29);
INSERT OR REPLACE INTO daily_tool_stats (date, tool_id, downloads, unique_users) VALUES ('2025-11-16', 11, 39, 15);
INSERT OR REPLACE INTO daily_tool_stats (date, tool_id, downloads, unique_users) VALUES ('2025-11-16', 12, 25, 10);
INSERT OR REPLACE INTO daily_tool_stats (date, tool_id, downloads, unique_users) VALUES ('2025-11-16', 13, 69, 27);
INSERT OR REPLACE INTO daily_tool_stats (date, tool_id, downloads, unique_users) VALUES ('2025-11-16', 14, 61, 24);
INSERT OR REPLACE INTO daily_tool_stats (date, tool_id, downloads, unique_users) VALUES ('2025-11-16', 15, 33, 13);
INSERT OR REPLACE INTO daily_tool_stats (date, tool_id, downloads, unique_users) VALUES ('2025-11-16', 16, 71, 28);
INSERT OR REPLACE INTO daily_tool_stats (date, tool_id, downloads, unique_users) VALUES ('2025-11-16', 17, 70, 28);
INSERT OR REPLACE INTO daily_tool_stats (date, tool_id, downloads, unique_users) VALUES ('2025-11-16', 18, 39, 15);
INSERT OR REPLACE INTO daily_tool_stats (date, tool_id, downloads, unique_users) VALUES ('2025-11-16', 19, 31, 12);
INSERT OR REPLACE INTO daily_tool_stats (date, tool_id, downloads, unique_users) VALUES ('2025-11-16', 20, 43, 17);
INSERT OR REPLACE INTO daily_tool_stats (date, tool_id, downloads, unique_users) VALUES ('2025-11-15', 1, 201, 80);
INSERT OR REPLACE INTO daily_tool_stats (date, tool_id, downloads, unique_users) VALUES ('2025-11-15', 2, 280, 112);
INSERT OR REPLACE INTO daily_tool_stats (date, tool_id, downloads, unique_users) VALUES ('2025-11-15', 3, 226, 90);
INSERT OR REPLACE INTO daily_tool_stats (date, tool_id, downloads, unique_users) VALUES ('2025-11-15', 4, 162, 64);
INSERT OR REPLACE INTO daily_tool_stats (date, tool_id, downloads, unique_users) VALUES ('2025-11-15', 5, 280, 112);
INSERT OR REPLACE INTO daily_tool_stats (date, tool_id, downloads, unique_users) VALUES ('2025-11-15', 6, 129, 51);
INSERT OR REPLACE INTO daily_tool_stats (date, tool_id, downloads, unique_users) VALUES ('2025-11-15', 7, 105, 42);
INSERT OR REPLACE INTO daily_tool_stats (date, tool_id, downloads, unique_users) VALUES ('2025-11-15', 8, 138, 55);
INSERT OR REPLACE INTO daily_tool_stats (date, tool_id, downloads, unique_users) VALUES ('2025-11-15', 9, 68, 27);
INSERT OR REPLACE INTO daily_tool_stats (date, tool_id, downloads, unique_users) VALUES ('2025-11-15', 10, 115, 46);
INSERT OR REPLACE INTO daily_tool_stats (date, tool_id, downloads, unique_users) VALUES ('2025-11-15', 11, 72, 28);
INSERT OR REPLACE INTO daily_tool_stats (date, tool_id, downloads, unique_users) VALUES ('2025-11-15', 12, 30, 12);
INSERT OR REPLACE INTO daily_tool_stats (date, tool_id, downloads, unique_users) VALUES ('2025-11-15', 13, 36, 14);
INSERT OR REPLACE INTO daily_tool_stats (date, tool_id, downloads, unique_users) VALUES ('2025-11-15', 14, 59, 23);
INSERT OR REPLACE INTO daily_tool_stats (date, tool_id, downloads, unique_users) VALUES ('2025-11-15', 15, 73, 29);
INSERT OR REPLACE INTO daily_tool_stats (date, tool_id, downloads, unique_users) VALUES ('2025-11-15', 16, 33, 13);
INSERT OR REPLACE INTO daily_tool_stats (date, tool_id, downloads, unique_users) VALUES ('2025-11-15', 17, 66, 26);
INSERT OR REPLACE INTO daily_tool_stats (date, tool_id, downloads, unique_users) VALUES ('2025-11-15', 18, 60, 24);
INSERT OR REPLACE INTO daily_tool_stats (date, tool_id, downloads, unique_users) VALUES ('2025-11-15', 19, 33, 13);
INSERT OR REPLACE INTO daily_tool_stats (date, tool_id, downloads, unique_users) VALUES ('2025-11-15', 20, 48, 19);
INSERT OR REPLACE INTO daily_tool_stats (date, tool_id, downloads, unique_users) VALUES ('2025-11-14', 1, 263, 105);
INSERT OR REPLACE INTO daily_tool_stats (date, tool_id, downloads, unique_users) VALUES ('2025-11-14', 2, 115, 46);
INSERT OR REPLACE INTO daily_tool_stats (date, tool_id, downloads, unique_users) VALUES ('2025-11-14', 3, 149, 59);
INSERT OR REPLACE INTO daily_tool_stats (date, tool_id, downloads, unique_users) VALUES ('2025-11-14', 4, 285, 114);
INSERT OR REPLACE INTO daily_tool_stats (date, tool_id, downloads, unique_users) VALUES ('2025-11-14', 5, 196, 78);
INSERT OR REPLACE INTO daily_tool_stats (date, tool_id, downloads, unique_users) VALUES ('2025-11-14', 6, 124, 49);
INSERT OR REPLACE INTO daily_tool_stats (date, tool_id, downloads, unique_users) VALUES ('2025-11-14', 7, 79, 31);
INSERT OR REPLACE INTO daily_tool_stats (date, tool_id, downloads, unique_users) VALUES ('2025-11-14', 8, 128, 51);
INSERT OR REPLACE INTO daily_tool_stats (date, tool_id, downloads, unique_users) VALUES ('2025-11-14', 9, 126, 50);
INSERT OR REPLACE INTO daily_tool_stats (date, tool_id, downloads, unique_users) VALUES ('2025-11-14', 10, 91, 36);
INSERT OR REPLACE INTO daily_tool_stats (date, tool_id, downloads, unique_users) VALUES ('2025-11-14', 11, 44, 17);
INSERT OR REPLACE INTO daily_tool_stats (date, tool_id, downloads, unique_users) VALUES ('2025-11-14', 12, 50, 20);
INSERT OR REPLACE INTO daily_tool_stats (date, tool_id, downloads, unique_users) VALUES ('2025-11-14', 13, 55, 22);
INSERT OR REPLACE INTO daily_tool_stats (date, tool_id, downloads, unique_users) VALUES ('2025-11-14', 14, 45, 18);
INSERT OR REPLACE INTO daily_tool_stats (date, tool_id, downloads, unique_users) VALUES ('2025-11-14', 15, 54, 21);
INSERT OR REPLACE INTO daily_tool_stats (date, tool_id, downloads, unique_users) VALUES ('2025-11-14', 16, 43, 17);
INSERT OR REPLACE INTO daily_tool_stats (date, tool_id, downloads, unique_users) VALUES ('2025-11-14', 17, 61, 24);
INSERT OR REPLACE INTO daily_tool_stats (date, tool_id, downloads, unique_users) VALUES ('2025-11-14', 18, 54, 21);
INSERT OR REPLACE INTO daily_tool_stats (date, tool_id, downloads, unique_users) VALUES ('2025-11-14', 19, 56, 22);
INSERT OR REPLACE INTO daily_tool_stats (date, tool_id, downloads, unique_users) VALUES ('2025-11-14', 20, 35, 14);
INSERT OR REPLACE INTO daily_tool_stats (date, tool_id, downloads, unique_users) VALUES ('2025-11-13', 1, 137, 54);
INSERT OR REPLACE INTO daily_tool_stats (date, tool_id, downloads, unique_users) VALUES ('2025-11-13', 2, 124, 49);
INSERT OR REPLACE INTO daily_tool_stats (date, tool_id, downloads, unique_users) VALUES ('2025-11-13', 3, 219, 87);
INSERT OR REPLACE INTO daily_tool_stats (date, tool_id, downloads, unique_users) VALUES ('2025-11-13', 4, 159, 63);
INSERT OR REPLACE INTO daily_tool_stats (date, tool_id, downloads, unique_users) VALUES ('2025-11-13', 5, 167, 66);
INSERT OR REPLACE INTO daily_tool_stats (date, tool_id, downloads, unique_users) VALUES ('2025-11-13', 6, 103, 41);
INSERT OR REPLACE INTO daily_tool_stats (date, tool_id, downloads, unique_users) VALUES ('2025-11-13', 7, 127, 50);
INSERT OR REPLACE INTO daily_tool_stats (date, tool_id, downloads, unique_users) VALUES ('2025-11-13', 8, 140, 56);
INSERT OR REPLACE INTO daily_tool_stats (date, tool_id, downloads, unique_users) VALUES ('2025-11-13', 9, 89, 35);
INSERT OR REPLACE INTO daily_tool_stats (date, tool_id, downloads, unique_users) VALUES ('2025-11-13', 10, 85, 34);
INSERT OR REPLACE INTO daily_tool_stats (date, tool_id, downloads, unique_users) VALUES ('2025-11-13', 11, 41, 16);
INSERT OR REPLACE INTO daily_tool_stats (date, tool_id, downloads, unique_users) VALUES ('2025-11-13', 12, 39, 15);
INSERT OR REPLACE INTO daily_tool_stats (date, tool_id, downloads, unique_users) VALUES ('2025-11-13', 13, 43, 17);
INSERT OR REPLACE INTO daily_tool_stats (date, tool_id, downloads, unique_users) VALUES ('2025-11-13', 14, 41, 16);
INSERT OR REPLACE INTO daily_tool_stats (date, tool_id, downloads, unique_users) VALUES ('2025-11-13', 15, 47, 18);
INSERT OR REPLACE INTO daily_tool_stats (date, tool_id, downloads, unique_users) VALUES ('2025-11-13', 16, 31, 12);
INSERT OR REPLACE INTO daily_tool_stats (date, tool_id, downloads, unique_users) VALUES ('2025-11-13', 17, 28, 11);
INSERT OR REPLACE INTO daily_tool_stats (date, tool_id, downloads, unique_users) VALUES ('2025-11-13', 18, 61, 24);
INSERT OR REPLACE INTO daily_tool_stats (date, tool_id, downloads, unique_users) VALUES ('2025-11-13', 19, 56, 22);
INSERT OR REPLACE INTO daily_tool_stats (date, tool_id, downloads, unique_users) VALUES ('2025-11-13', 20, 34, 13);
INSERT OR REPLACE INTO daily_tool_stats (date, tool_id, downloads, unique_users) VALUES ('2025-11-12', 1, 150, 60);
INSERT OR REPLACE INTO daily_tool_stats (date, tool_id, downloads, unique_users) VALUES ('2025-11-12', 2, 223, 89);
INSERT OR REPLACE INTO daily_tool_stats (date, tool_id, downloads, unique_users) VALUES ('2025-11-12', 3, 247, 98);
INSERT OR REPLACE INTO daily_tool_stats (date, tool_id, downloads, unique_users) VALUES ('2025-11-12', 4, 159, 63);
INSERT OR REPLACE INTO daily_tool_stats (date, tool_id, downloads, unique_users) VALUES ('2025-11-12', 5, 268, 107);
INSERT OR REPLACE INTO daily_tool_stats (date, tool_id, downloads, unique_users) VALUES ('2025-11-12', 6, 99, 39);
INSERT OR REPLACE INTO daily_tool_stats (date, tool_id, downloads, unique_users) VALUES ('2025-11-12', 7, 90, 36);
INSERT OR REPLACE INTO daily_tool_stats (date, tool_id, downloads, unique_users) VALUES ('2025-11-12', 8, 113, 45);
INSERT OR REPLACE INTO daily_tool_stats (date, tool_id, downloads, unique_users) VALUES ('2025-11-12', 9, 55, 22);
INSERT OR REPLACE INTO daily_tool_stats (date, tool_id, downloads, unique_users) VALUES ('2025-11-12', 10, 53, 21);
INSERT OR REPLACE INTO daily_tool_stats (date, tool_id, downloads, unique_users) VALUES ('2025-11-12', 11, 34, 13);
INSERT OR REPLACE INTO daily_tool_stats (date, tool_id, downloads, unique_users) VALUES ('2025-11-12', 12, 51, 20);
INSERT OR REPLACE INTO daily_tool_stats (date, tool_id, downloads, unique_users) VALUES ('2025-11-12', 13, 50, 20);
INSERT OR REPLACE INTO daily_tool_stats (date, tool_id, downloads, unique_users) VALUES ('2025-11-12', 14, 62, 24);
INSERT OR REPLACE INTO daily_tool_stats (date, tool_id, downloads, unique_users) VALUES ('2025-11-12', 15, 64, 25);
INSERT OR REPLACE INTO daily_tool_stats (date, tool_id, downloads, unique_users) VALUES ('2025-11-12', 16, 60, 24);
INSERT OR REPLACE INTO daily_tool_stats (date, tool_id, downloads, unique_users) VALUES ('2025-11-12', 17, 37, 14);
INSERT OR REPLACE INTO daily_tool_stats (date, tool_id, downloads, unique_users) VALUES ('2025-11-12', 18, 52, 20);
INSERT OR REPLACE INTO daily_tool_stats (date, tool_id, downloads, unique_users) VALUES ('2025-11-12', 19, 32, 12);
INSERT OR REPLACE INTO daily_tool_stats (date, tool_id, downloads, unique_users) VALUES ('2025-11-12', 20, 57, 22);
INSERT OR REPLACE INTO daily_tool_stats (date, tool_id, downloads, unique_users) VALUES ('2025-11-11', 1, 159, 63);
INSERT OR REPLACE INTO daily_tool_stats (date, tool_id, downloads, unique_users) VALUES ('2025-11-11', 2, 218, 87);
INSERT OR REPLACE INTO daily_tool_stats (date, tool_id, downloads, unique_users) VALUES ('2025-11-11', 3, 230, 92);
INSERT OR REPLACE INTO daily_tool_stats (date, tool_id, downloads, unique_users) VALUES ('2025-11-11', 4, 112, 44);
INSERT OR REPLACE INTO daily_tool_stats (date, tool_id, downloads, unique_users) VALUES ('2025-11-11', 5, 231, 92);
INSERT OR REPLACE INTO daily_tool_stats (date, tool_id, downloads, unique_users) VALUES ('2025-11-11', 6, 113, 45);
INSERT OR REPLACE INTO daily_tool_stats (date, tool_id, downloads, unique_users) VALUES ('2025-11-11', 7, 71, 28);
INSERT OR REPLACE INTO daily_tool_stats (date, tool_id, downloads, unique_users) VALUES ('2025-11-11', 8, 148, 59);
INSERT OR REPLACE INTO daily_tool_stats (date, tool_id, downloads, unique_users) VALUES ('2025-11-11', 9, 117, 46);
INSERT OR REPLACE INTO daily_tool_stats (date, tool_id, downloads, unique_users) VALUES ('2025-11-11', 10, 60, 24);
INSERT OR REPLACE INTO daily_tool_stats (date, tool_id, downloads, unique_users) VALUES ('2025-11-11', 11, 27, 10);
INSERT OR REPLACE INTO daily_tool_stats (date, tool_id, downloads, unique_users) VALUES ('2025-11-11', 12, 32, 12);
INSERT OR REPLACE INTO daily_tool_stats (date, tool_id, downloads, unique_users) VALUES ('2025-11-11', 13, 38, 15);
INSERT OR REPLACE INTO daily_tool_stats (date, tool_id, downloads, unique_users) VALUES ('2025-11-11', 14, 69, 27);
INSERT OR REPLACE INTO daily_tool_stats (date, tool_id, downloads, unique_users) VALUES ('2025-11-11', 15, 58, 23);
INSERT OR REPLACE INTO daily_tool_stats (date, tool_id, downloads, unique_users) VALUES ('2025-11-11', 16, 58, 23);
INSERT OR REPLACE INTO daily_tool_stats (date, tool_id, downloads, unique_users) VALUES ('2025-11-11', 17, 60, 24);
INSERT OR REPLACE INTO daily_tool_stats (date, tool_id, downloads, unique_users) VALUES ('2025-11-11', 18, 55, 22);
INSERT OR REPLACE INTO daily_tool_stats (date, tool_id, downloads, unique_users) VALUES ('2025-11-11', 19, 48, 19);
INSERT OR REPLACE INTO daily_tool_stats (date, tool_id, downloads, unique_users) VALUES ('2025-11-11', 20, 74, 29);
INSERT OR REPLACE INTO daily_tool_stats (date, tool_id, downloads, unique_users) VALUES ('2025-11-10', 1, 218, 87);
INSERT OR REPLACE INTO daily_tool_stats (date, tool_id, downloads, unique_users) VALUES ('2025-11-10', 2, 116, 46);
INSERT OR REPLACE INTO daily_tool_stats (date, tool_id, downloads, unique_users) VALUES ('2025-11-10', 3, 165, 66);
INSERT OR REPLACE INTO daily_tool_stats (date, tool_id, downloads, unique_users) VALUES ('2025-11-10', 4, 103, 41);
INSERT OR REPLACE INTO daily_tool_stats (date, tool_id, downloads, unique_users) VALUES ('2025-11-10', 5, 103, 41);
INSERT OR REPLACE INTO daily_tool_stats (date, tool_id, downloads, unique_users) VALUES ('2025-11-10', 6, 105, 42);
INSERT OR REPLACE INTO daily_tool_stats (date, tool_id, downloads, unique_users) VALUES ('2025-11-10', 7, 75, 30);
INSERT OR REPLACE INTO daily_tool_stats (date, tool_id, downloads, unique_users) VALUES ('2025-11-10', 8, 131, 52);
INSERT OR REPLACE INTO daily_tool_stats (date, tool_id, downloads, unique_users) VALUES ('2025-11-10', 9, 64, 25);
INSERT OR REPLACE INTO daily_tool_stats (date, tool_id, downloads, unique_users) VALUES ('2025-11-10', 10, 142, 56);
INSERT OR REPLACE INTO daily_tool_stats (date, tool_id, downloads, unique_users) VALUES ('2025-11-10', 11, 63, 25);
INSERT OR REPLACE INTO daily_tool_stats (date, tool_id, downloads, unique_users) VALUES ('2025-11-10', 12, 55, 22);
INSERT OR REPLACE INTO daily_tool_stats (date, tool_id, downloads, unique_users) VALUES ('2025-11-10', 13, 58, 23);
INSERT OR REPLACE INTO daily_tool_stats (date, tool_id, downloads, unique_users) VALUES ('2025-11-10', 14, 33, 13);
INSERT OR REPLACE INTO daily_tool_stats (date, tool_id, downloads, unique_users) VALUES ('2025-11-10', 15, 40, 16);
INSERT OR REPLACE INTO daily_tool_stats (date, tool_id, downloads, unique_users) VALUES ('2025-11-10', 16, 54, 21);
INSERT OR REPLACE INTO daily_tool_stats (date, tool_id, downloads, unique_users) VALUES ('2025-11-10', 17, 53, 21);
INSERT OR REPLACE INTO daily_tool_stats (date, tool_id, downloads, unique_users) VALUES ('2025-11-10', 18, 70, 28);
INSERT OR REPLACE INTO daily_tool_stats (date, tool_id, downloads, unique_users) VALUES ('2025-11-10', 19, 68, 27);
INSERT OR REPLACE INTO daily_tool_stats (date, tool_id, downloads, unique_users) VALUES ('2025-11-10', 20, 42, 16);
INSERT OR REPLACE INTO daily_tool_stats (date, tool_id, downloads, unique_users) VALUES ('2025-11-09', 1, 181, 72);
INSERT OR REPLACE INTO daily_tool_stats (date, tool_id, downloads, unique_users) VALUES ('2025-11-09', 2, 219, 87);
INSERT OR REPLACE INTO daily_tool_stats (date, tool_id, downloads, unique_users) VALUES ('2025-11-09', 3, 205, 82);
INSERT OR REPLACE INTO daily_tool_stats (date, tool_id, downloads, unique_users) VALUES ('2025-11-09', 4, 116, 46);
INSERT OR REPLACE INTO daily_tool_stats (date, tool_id, downloads, unique_users) VALUES ('2025-11-09', 5, 292, 116);
INSERT OR REPLACE INTO daily_tool_stats (date, tool_id, downloads, unique_users) VALUES ('2025-11-09', 6, 61, 24);
INSERT OR REPLACE INTO daily_tool_stats (date, tool_id, downloads, unique_users) VALUES ('2025-11-09', 7, 60, 24);
INSERT OR REPLACE INTO daily_tool_stats (date, tool_id, downloads, unique_users) VALUES ('2025-11-09', 8, 87, 34);
INSERT OR REPLACE INTO daily_tool_stats (date, tool_id, downloads, unique_users) VALUES ('2025-11-09', 9, 102, 40);
INSERT OR REPLACE INTO daily_tool_stats (date, tool_id, downloads, unique_users) VALUES ('2025-11-09', 10, 68, 27);
INSERT OR REPLACE INTO daily_tool_stats (date, tool_id, downloads, unique_users) VALUES ('2025-11-09', 11, 43, 17);
INSERT OR REPLACE INTO daily_tool_stats (date, tool_id, downloads, unique_users) VALUES ('2025-11-09', 12, 34, 13);
INSERT OR REPLACE INTO daily_tool_stats (date, tool_id, downloads, unique_users) VALUES ('2025-11-09', 13, 35, 14);
INSERT OR REPLACE INTO daily_tool_stats (date, tool_id, downloads, unique_users) VALUES ('2025-11-09', 14, 47, 18);
INSERT OR REPLACE INTO daily_tool_stats (date, tool_id, downloads, unique_users) VALUES ('2025-11-09', 15, 73, 29);
INSERT OR REPLACE INTO daily_tool_stats (date, tool_id, downloads, unique_users) VALUES ('2025-11-09', 16, 44, 17);
INSERT OR REPLACE INTO daily_tool_stats (date, tool_id, downloads, unique_users) VALUES ('2025-11-09', 17, 36, 14);
INSERT OR REPLACE INTO daily_tool_stats (date, tool_id, downloads, unique_users) VALUES ('2025-11-09', 18, 73, 29);
INSERT OR REPLACE INTO daily_tool_stats (date, tool_id, downloads, unique_users) VALUES ('2025-11-09', 19, 66, 26);
INSERT OR REPLACE INTO daily_tool_stats (date, tool_id, downloads, unique_users) VALUES ('2025-11-09', 20, 52, 20);
INSERT OR REPLACE INTO daily_tool_stats (date, tool_id, downloads, unique_users) VALUES ('2025-11-08', 1, 292, 116);
INSERT OR REPLACE INTO daily_tool_stats (date, tool_id, downloads, unique_users) VALUES ('2025-11-08', 2, 141, 56);
INSERT OR REPLACE INTO daily_tool_stats (date, tool_id, downloads, unique_users) VALUES ('2025-11-08', 3, 293, 117);
INSERT OR REPLACE INTO daily_tool_stats (date, tool_id, downloads, unique_users) VALUES ('2025-11-08', 4, 198, 79);
INSERT OR REPLACE INTO daily_tool_stats (date, tool_id, downloads, unique_users) VALUES ('2025-11-08', 5, 226, 90);
INSERT OR REPLACE INTO daily_tool_stats (date, tool_id, downloads, unique_users) VALUES ('2025-11-08', 6, 147, 58);
INSERT OR REPLACE INTO daily_tool_stats (date, tool_id, downloads, unique_users) VALUES ('2025-11-08', 7, 132, 52);
INSERT OR REPLACE INTO daily_tool_stats (date, tool_id, downloads, unique_users) VALUES ('2025-11-08', 8, 104, 41);
INSERT OR REPLACE INTO daily_tool_stats (date, tool_id, downloads, unique_users) VALUES ('2025-11-08', 9, 103, 41);
INSERT OR REPLACE INTO daily_tool_stats (date, tool_id, downloads, unique_users) VALUES ('2025-11-08', 10, 54, 21);
INSERT OR REPLACE INTO daily_tool_stats (date, tool_id, downloads, unique_users) VALUES ('2025-11-08', 11, 67, 26);
INSERT OR REPLACE INTO daily_tool_stats (date, tool_id, downloads, unique_users) VALUES ('2025-11-08', 12, 61, 24);
INSERT OR REPLACE INTO daily_tool_stats (date, tool_id, downloads, unique_users) VALUES ('2025-11-08', 13, 35, 14);
INSERT OR REPLACE INTO daily_tool_stats (date, tool_id, downloads, unique_users) VALUES ('2025-11-08', 14, 51, 20);
INSERT OR REPLACE INTO daily_tool_stats (date, tool_id, downloads, unique_users) VALUES ('2025-11-08', 15, 59, 23);
INSERT OR REPLACE INTO daily_tool_stats (date, tool_id, downloads, unique_users) VALUES ('2025-11-08', 16, 72, 28);
INSERT OR REPLACE INTO daily_tool_stats (date, tool_id, downloads, unique_users) VALUES ('2025-11-08', 17, 74, 29);
INSERT OR REPLACE INTO daily_tool_stats (date, tool_id, downloads, unique_users) VALUES ('2025-11-08', 18, 71, 28);
INSERT OR REPLACE INTO daily_tool_stats (date, tool_id, downloads, unique_users) VALUES ('2025-11-08', 19, 26, 10);
INSERT OR REPLACE INTO daily_tool_stats (date, tool_id, downloads, unique_users) VALUES ('2025-11-08', 20, 49, 19);
INSERT OR REPLACE INTO daily_tool_stats (date, tool_id, downloads, unique_users) VALUES ('2025-11-07', 1, 106, 42);
INSERT OR REPLACE INTO daily_tool_stats (date, tool_id, downloads, unique_users) VALUES ('2025-11-07', 2, 121, 48);
INSERT OR REPLACE INTO daily_tool_stats (date, tool_id, downloads, unique_users) VALUES ('2025-11-07', 3, 233, 93);
INSERT OR REPLACE INTO daily_tool_stats (date, tool_id, downloads, unique_users) VALUES ('2025-11-07', 4, 238, 95);
INSERT OR REPLACE INTO daily_tool_stats (date, tool_id, downloads, unique_users) VALUES ('2025-11-07', 5, 128, 51);
INSERT OR REPLACE INTO daily_tool_stats (date, tool_id, downloads, unique_users) VALUES ('2025-11-07', 6, 76, 30);
INSERT OR REPLACE INTO daily_tool_stats (date, tool_id, downloads, unique_users) VALUES ('2025-11-07', 7, 107, 42);
INSERT OR REPLACE INTO daily_tool_stats (date, tool_id, downloads, unique_users) VALUES ('2025-11-07', 8, 102, 40);
INSERT OR REPLACE INTO daily_tool_stats (date, tool_id, downloads, unique_users) VALUES ('2025-11-07', 9, 105, 42);
INSERT OR REPLACE INTO daily_tool_stats (date, tool_id, downloads, unique_users) VALUES ('2025-11-07', 10, 55, 22);
INSERT OR REPLACE INTO daily_tool_stats (date, tool_id, downloads, unique_users) VALUES ('2025-11-07', 11, 30, 12);
INSERT OR REPLACE INTO daily_tool_stats (date, tool_id, downloads, unique_users) VALUES ('2025-11-07', 12, 58, 23);
INSERT OR REPLACE INTO daily_tool_stats (date, tool_id, downloads, unique_users) VALUES ('2025-11-07', 13, 48, 19);
INSERT OR REPLACE INTO daily_tool_stats (date, tool_id, downloads, unique_users) VALUES ('2025-11-07', 14, 38, 15);
INSERT OR REPLACE INTO daily_tool_stats (date, tool_id, downloads, unique_users) VALUES ('2025-11-07', 15, 56, 22);
INSERT OR REPLACE INTO daily_tool_stats (date, tool_id, downloads, unique_users) VALUES ('2025-11-07', 16, 73, 29);
INSERT OR REPLACE INTO daily_tool_stats (date, tool_id, downloads, unique_users) VALUES ('2025-11-07', 17, 72, 28);
INSERT OR REPLACE INTO daily_tool_stats (date, tool_id, downloads, unique_users) VALUES ('2025-11-07', 18, 27, 10);
INSERT OR REPLACE INTO daily_tool_stats (date, tool_id, downloads, unique_users) VALUES ('2025-11-07', 19, 68, 27);
INSERT OR REPLACE INTO daily_tool_stats (date, tool_id, downloads, unique_users) VALUES ('2025-11-07', 20, 39, 15);
INSERT OR REPLACE INTO daily_tool_stats (date, tool_id, downloads, unique_users) VALUES ('2025-11-06', 1, 244, 97);
INSERT OR REPLACE INTO daily_tool_stats (date, tool_id, downloads, unique_users) VALUES ('2025-11-06', 2, 116, 46);
INSERT OR REPLACE INTO daily_tool_stats (date, tool_id, downloads, unique_users) VALUES ('2025-11-06', 3, 180, 72);
INSERT OR REPLACE INTO daily_tool_stats (date, tool_id, downloads, unique_users) VALUES ('2025-11-06', 4, 249, 99);
INSERT OR REPLACE INTO daily_tool_stats (date, tool_id, downloads, unique_users) VALUES ('2025-11-06', 5, 199, 79);
INSERT OR REPLACE INTO daily_tool_stats (date, tool_id, downloads, unique_users) VALUES ('2025-11-06', 6, 105, 42);
INSERT OR REPLACE INTO daily_tool_stats (date, tool_id, downloads, unique_users) VALUES ('2025-11-06', 7, 135, 54);
INSERT OR REPLACE INTO daily_tool_stats (date, tool_id, downloads, unique_users) VALUES ('2025-11-06', 8, 87, 34);
INSERT OR REPLACE INTO daily_tool_stats (date, tool_id, downloads, unique_users) VALUES ('2025-11-06', 9, 75, 30);
INSERT OR REPLACE INTO daily_tool_stats (date, tool_id, downloads, unique_users) VALUES ('2025-11-06', 10, 76, 30);
INSERT OR REPLACE INTO daily_tool_stats (date, tool_id, downloads, unique_users) VALUES ('2025-11-06', 11, 62, 24);
INSERT OR REPLACE INTO daily_tool_stats (date, tool_id, downloads, unique_users) VALUES ('2025-11-06', 12, 62, 24);
INSERT OR REPLACE INTO daily_tool_stats (date, tool_id, downloads, unique_users) VALUES ('2025-11-06', 13, 44, 17);
INSERT OR REPLACE INTO daily_tool_stats (date, tool_id, downloads, unique_users) VALUES ('2025-11-06', 14, 45, 18);
INSERT OR REPLACE INTO daily_tool_stats (date, tool_id, downloads, unique_users) VALUES ('2025-11-06', 15, 37, 14);
INSERT OR REPLACE INTO daily_tool_stats (date, tool_id, downloads, unique_users) VALUES ('2025-11-06', 16, 70, 28);
INSERT OR REPLACE INTO daily_tool_stats (date, tool_id, downloads, unique_users) VALUES ('2025-11-06', 17, 72, 28);
INSERT OR REPLACE INTO daily_tool_stats (date, tool_id, downloads, unique_users) VALUES ('2025-11-06', 18, 43, 17);
INSERT OR REPLACE INTO daily_tool_stats (date, tool_id, downloads, unique_users) VALUES ('2025-11-06', 19, 25, 10);
INSERT OR REPLACE INTO daily_tool_stats (date, tool_id, downloads, unique_users) VALUES ('2025-11-06', 20, 70, 28);
INSERT OR REPLACE INTO daily_tool_stats (date, tool_id, downloads, unique_users) VALUES ('2025-11-05', 1, 111, 44);
INSERT OR REPLACE INTO daily_tool_stats (date, tool_id, downloads, unique_users) VALUES ('2025-11-05', 2, 259, 103);
INSERT OR REPLACE INTO daily_tool_stats (date, tool_id, downloads, unique_users) VALUES ('2025-11-05', 3, 297, 118);
INSERT OR REPLACE INTO daily_tool_stats (date, tool_id, downloads, unique_users) VALUES ('2025-11-05', 4, 252, 100);
INSERT OR REPLACE INTO daily_tool_stats (date, tool_id, downloads, unique_users) VALUES ('2025-11-05', 5, 137, 54);
INSERT OR REPLACE INTO daily_tool_stats (date, tool_id, downloads, unique_users) VALUES ('2025-11-05', 6, 105, 42);
INSERT OR REPLACE INTO daily_tool_stats (date, tool_id, downloads, unique_users) VALUES ('2025-11-05', 7, 128, 51);
INSERT OR REPLACE INTO daily_tool_stats (date, tool_id, downloads, unique_users) VALUES ('2025-11-05', 8, 136, 54);
INSERT OR REPLACE INTO daily_tool_stats (date, tool_id, downloads, unique_users) VALUES ('2025-11-05', 9, 57, 22);
INSERT OR REPLACE INTO daily_tool_stats (date, tool_id, downloads, unique_users) VALUES ('2025-11-05', 10, 106, 42);
INSERT OR REPLACE INTO daily_tool_stats (date, tool_id, downloads, unique_users) VALUES ('2025-11-05', 11, 33, 13);
INSERT OR REPLACE INTO daily_tool_stats (date, tool_id, downloads, unique_users) VALUES ('2025-11-05', 12, 28, 11);
INSERT OR REPLACE INTO daily_tool_stats (date, tool_id, downloads, unique_users) VALUES ('2025-11-05', 13, 70, 28);
INSERT OR REPLACE INTO daily_tool_stats (date, tool_id, downloads, unique_users) VALUES ('2025-11-05', 14, 39, 15);
INSERT OR REPLACE INTO daily_tool_stats (date, tool_id, downloads, unique_users) VALUES ('2025-11-05', 15, 41, 16);
INSERT OR REPLACE INTO daily_tool_stats (date, tool_id, downloads, unique_users) VALUES ('2025-11-05', 16, 45, 18);
INSERT OR REPLACE INTO daily_tool_stats (date, tool_id, downloads, unique_users) VALUES ('2025-11-05', 17, 61, 24);
INSERT OR REPLACE INTO daily_tool_stats (date, tool_id, downloads, unique_users) VALUES ('2025-11-05', 18, 31, 12);
INSERT OR REPLACE INTO daily_tool_stats (date, tool_id, downloads, unique_users) VALUES ('2025-11-05', 19, 54, 21);
INSERT OR REPLACE INTO daily_tool_stats (date, tool_id, downloads, unique_users) VALUES ('2025-11-05', 20, 33, 13);
INSERT OR REPLACE INTO daily_tool_stats (date, tool_id, downloads, unique_users) VALUES ('2025-11-04', 1, 104, 41);
INSERT OR REPLACE INTO daily_tool_stats (date, tool_id, downloads, unique_users) VALUES ('2025-11-04', 2, 218, 87);
INSERT OR REPLACE INTO daily_tool_stats (date, tool_id, downloads, unique_users) VALUES ('2025-11-04', 3, 142, 56);
INSERT OR REPLACE INTO daily_tool_stats (date, tool_id, downloads, unique_users) VALUES ('2025-11-04', 4, 105, 42);
INSERT OR REPLACE INTO daily_tool_stats (date, tool_id, downloads, unique_users) VALUES ('2025-11-04', 5, 165, 66);
INSERT OR REPLACE INTO daily_tool_stats (date, tool_id, downloads, unique_users) VALUES ('2025-11-04', 6, 126, 50);
INSERT OR REPLACE INTO daily_tool_stats (date, tool_id, downloads, unique_users) VALUES ('2025-11-04', 7, 86, 34);
INSERT OR REPLACE INTO daily_tool_stats (date, tool_id, downloads, unique_users) VALUES ('2025-11-04', 8, 123, 49);
INSERT OR REPLACE INTO daily_tool_stats (date, tool_id, downloads, unique_users) VALUES ('2025-11-04', 9, 72, 28);
INSERT OR REPLACE INTO daily_tool_stats (date, tool_id, downloads, unique_users) VALUES ('2025-11-04', 10, 124, 49);
INSERT OR REPLACE INTO daily_tool_stats (date, tool_id, downloads, unique_users) VALUES ('2025-11-04', 11, 63, 25);
INSERT OR REPLACE INTO daily_tool_stats (date, tool_id, downloads, unique_users) VALUES ('2025-11-04', 12, 42, 16);
INSERT OR REPLACE INTO daily_tool_stats (date, tool_id, downloads, unique_users) VALUES ('2025-11-04', 13, 66, 26);
INSERT OR REPLACE INTO daily_tool_stats (date, tool_id, downloads, unique_users) VALUES ('2025-11-04', 14, 29, 11);
INSERT OR REPLACE INTO daily_tool_stats (date, tool_id, downloads, unique_users) VALUES ('2025-11-04', 15, 55, 22);
INSERT OR REPLACE INTO daily_tool_stats (date, tool_id, downloads, unique_users) VALUES ('2025-11-04', 16, 72, 28);
INSERT OR REPLACE INTO daily_tool_stats (date, tool_id, downloads, unique_users) VALUES ('2025-11-04', 17, 54, 21);
INSERT OR REPLACE INTO daily_tool_stats (date, tool_id, downloads, unique_users) VALUES ('2025-11-04', 18, 41, 16);
INSERT OR REPLACE INTO daily_tool_stats (date, tool_id, downloads, unique_users) VALUES ('2025-11-04', 19, 30, 12);
INSERT OR REPLACE INTO daily_tool_stats (date, tool_id, downloads, unique_users) VALUES ('2025-11-04', 20, 34, 13);
INSERT OR REPLACE INTO daily_tool_stats (date, tool_id, downloads, unique_users) VALUES ('2025-11-03', 1, 157, 62);
INSERT OR REPLACE INTO daily_tool_stats (date, tool_id, downloads, unique_users) VALUES ('2025-11-03', 2, 261, 104);
INSERT OR REPLACE INTO daily_tool_stats (date, tool_id, downloads, unique_users) VALUES ('2025-11-03', 3, 100, 40);
INSERT OR REPLACE INTO daily_tool_stats (date, tool_id, downloads, unique_users) VALUES ('2025-11-03', 4, 123, 49);
INSERT OR REPLACE INTO daily_tool_stats (date, tool_id, downloads, unique_users) VALUES ('2025-11-03', 5, 170, 68);
INSERT OR REPLACE INTO daily_tool_stats (date, tool_id, downloads, unique_users) VALUES ('2025-11-03', 6, 70, 28);
INSERT OR REPLACE INTO daily_tool_stats (date, tool_id, downloads, unique_users) VALUES ('2025-11-03', 7, 54, 21);
INSERT OR REPLACE INTO daily_tool_stats (date, tool_id, downloads, unique_users) VALUES ('2025-11-03', 8, 70, 28);
INSERT OR REPLACE INTO daily_tool_stats (date, tool_id, downloads, unique_users) VALUES ('2025-11-03', 9, 90, 36);
INSERT OR REPLACE INTO daily_tool_stats (date, tool_id, downloads, unique_users) VALUES ('2025-11-03', 10, 130, 52);
INSERT OR REPLACE INTO daily_tool_stats (date, tool_id, downloads, unique_users) VALUES ('2025-11-03', 11, 72, 28);
INSERT OR REPLACE INTO daily_tool_stats (date, tool_id, downloads, unique_users) VALUES ('2025-11-03', 12, 53, 21);
INSERT OR REPLACE INTO daily_tool_stats (date, tool_id, downloads, unique_users) VALUES ('2025-11-03', 13, 67, 26);
INSERT OR REPLACE INTO daily_tool_stats (date, tool_id, downloads, unique_users) VALUES ('2025-11-03', 14, 41, 16);
INSERT OR REPLACE INTO daily_tool_stats (date, tool_id, downloads, unique_users) VALUES ('2025-11-03', 15, 67, 26);
INSERT OR REPLACE INTO daily_tool_stats (date, tool_id, downloads, unique_users) VALUES ('2025-11-03', 16, 31, 12);
INSERT OR REPLACE INTO daily_tool_stats (date, tool_id, downloads, unique_users) VALUES ('2025-11-03', 17, 31, 12);
INSERT OR REPLACE INTO daily_tool_stats (date, tool_id, downloads, unique_users) VALUES ('2025-11-03', 18, 39, 15);
INSERT OR REPLACE INTO daily_tool_stats (date, tool_id, downloads, unique_users) VALUES ('2025-11-03', 19, 57, 22);
INSERT OR REPLACE INTO daily_tool_stats (date, tool_id, downloads, unique_users) VALUES ('2025-11-03', 20, 37, 14);

-- Insert daily backend stats
INSERT OR REPLACE INTO daily_backend_stats (date, backend_type, downloads, unique_users) VALUES ('2025-12-17', 'core', 271, 108);
INSERT OR REPLACE INTO daily_backend_stats (date, backend_type, downloads, unique_users) VALUES ('2025-12-17', 'aqua', 324, 129);
INSERT OR REPLACE INTO daily_backend_stats (date, backend_type, downloads, unique_users) VALUES ('2025-12-17', 'ubi', 278, 111);
INSERT OR REPLACE INTO daily_backend_stats (date, backend_type, downloads, unique_users) VALUES ('2025-12-17', 'asdf', 157, 62);
INSERT OR REPLACE INTO daily_backend_stats (date, backend_type, downloads, unique_users) VALUES ('2025-12-17', 'vfox', 343, 137);
INSERT OR REPLACE INTO daily_backend_stats (date, backend_type, downloads, unique_users) VALUES ('2025-12-17', 'cargo', 103, 41);
INSERT OR REPLACE INTO daily_backend_stats (date, backend_type, downloads, unique_users) VALUES ('2025-12-17', 'npm', 425, 170);
INSERT OR REPLACE INTO daily_backend_stats (date, backend_type, downloads, unique_users) VALUES ('2025-12-17', 'go', 172, 68);
INSERT OR REPLACE INTO daily_backend_stats (date, backend_type, downloads, unique_users) VALUES ('2025-12-17', 'pipx', 208, 83);
INSERT OR REPLACE INTO daily_backend_stats (date, backend_type, downloads, unique_users) VALUES ('2025-12-16', 'core', 114, 45);
INSERT OR REPLACE INTO daily_backend_stats (date, backend_type, downloads, unique_users) VALUES ('2025-12-16', 'aqua', 543, 217);
INSERT OR REPLACE INTO daily_backend_stats (date, backend_type, downloads, unique_users) VALUES ('2025-12-16', 'ubi', 383, 153);
INSERT OR REPLACE INTO daily_backend_stats (date, backend_type, downloads, unique_users) VALUES ('2025-12-16', 'asdf', 177, 70);
INSERT OR REPLACE INTO daily_backend_stats (date, backend_type, downloads, unique_users) VALUES ('2025-12-16', 'vfox', 360, 144);
INSERT OR REPLACE INTO daily_backend_stats (date, backend_type, downloads, unique_users) VALUES ('2025-12-16', 'cargo', 384, 153);
INSERT OR REPLACE INTO daily_backend_stats (date, backend_type, downloads, unique_users) VALUES ('2025-12-16', 'npm', 254, 101);
INSERT OR REPLACE INTO daily_backend_stats (date, backend_type, downloads, unique_users) VALUES ('2025-12-16', 'go', 518, 207);
INSERT OR REPLACE INTO daily_backend_stats (date, backend_type, downloads, unique_users) VALUES ('2025-12-16', 'pipx', 322, 128);
INSERT OR REPLACE INTO daily_backend_stats (date, backend_type, downloads, unique_users) VALUES ('2025-12-15', 'core', 106, 42);
INSERT OR REPLACE INTO daily_backend_stats (date, backend_type, downloads, unique_users) VALUES ('2025-12-15', 'aqua', 110, 44);
INSERT OR REPLACE INTO daily_backend_stats (date, backend_type, downloads, unique_users) VALUES ('2025-12-15', 'ubi', 389, 155);
INSERT OR REPLACE INTO daily_backend_stats (date, backend_type, downloads, unique_users) VALUES ('2025-12-15', 'asdf', 476, 190);
INSERT OR REPLACE INTO daily_backend_stats (date, backend_type, downloads, unique_users) VALUES ('2025-12-15', 'vfox', 387, 154);
INSERT OR REPLACE INTO daily_backend_stats (date, backend_type, downloads, unique_users) VALUES ('2025-12-15', 'cargo', 441, 176);
INSERT OR REPLACE INTO daily_backend_stats (date, backend_type, downloads, unique_users) VALUES ('2025-12-15', 'npm', 287, 114);
INSERT OR REPLACE INTO daily_backend_stats (date, backend_type, downloads, unique_users) VALUES ('2025-12-15', 'go', 539, 215);
INSERT OR REPLACE INTO daily_backend_stats (date, backend_type, downloads, unique_users) VALUES ('2025-12-15', 'pipx', 143, 57);
INSERT OR REPLACE INTO daily_backend_stats (date, backend_type, downloads, unique_users) VALUES ('2025-12-14', 'core', 483, 193);
INSERT OR REPLACE INTO daily_backend_stats (date, backend_type, downloads, unique_users) VALUES ('2025-12-14', 'aqua', 263, 105);
INSERT OR REPLACE INTO daily_backend_stats (date, backend_type, downloads, unique_users) VALUES ('2025-12-14', 'ubi', 339, 135);
INSERT OR REPLACE INTO daily_backend_stats (date, backend_type, downloads, unique_users) VALUES ('2025-12-14', 'asdf', 474, 189);
INSERT OR REPLACE INTO daily_backend_stats (date, backend_type, downloads, unique_users) VALUES ('2025-12-14', 'vfox', 482, 192);
INSERT OR REPLACE INTO daily_backend_stats (date, backend_type, downloads, unique_users) VALUES ('2025-12-14', 'cargo', 404, 161);
INSERT OR REPLACE INTO daily_backend_stats (date, backend_type, downloads, unique_users) VALUES ('2025-12-14', 'npm', 292, 116);
INSERT OR REPLACE INTO daily_backend_stats (date, backend_type, downloads, unique_users) VALUES ('2025-12-14', 'go', 313, 125);
INSERT OR REPLACE INTO daily_backend_stats (date, backend_type, downloads, unique_users) VALUES ('2025-12-14', 'pipx', 360, 144);
INSERT OR REPLACE INTO daily_backend_stats (date, backend_type, downloads, unique_users) VALUES ('2025-12-13', 'core', 280, 112);
INSERT OR REPLACE INTO daily_backend_stats (date, backend_type, downloads, unique_users) VALUES ('2025-12-13', 'aqua', 426, 170);
INSERT OR REPLACE INTO daily_backend_stats (date, backend_type, downloads, unique_users) VALUES ('2025-12-13', 'ubi', 590, 236);
INSERT OR REPLACE INTO daily_backend_stats (date, backend_type, downloads, unique_users) VALUES ('2025-12-13', 'asdf', 334, 133);
INSERT OR REPLACE INTO daily_backend_stats (date, backend_type, downloads, unique_users) VALUES ('2025-12-13', 'vfox', 289, 115);
INSERT OR REPLACE INTO daily_backend_stats (date, backend_type, downloads, unique_users) VALUES ('2025-12-13', 'cargo', 511, 204);
INSERT OR REPLACE INTO daily_backend_stats (date, backend_type, downloads, unique_users) VALUES ('2025-12-13', 'npm', 353, 141);
INSERT OR REPLACE INTO daily_backend_stats (date, backend_type, downloads, unique_users) VALUES ('2025-12-13', 'go', 333, 133);
INSERT OR REPLACE INTO daily_backend_stats (date, backend_type, downloads, unique_users) VALUES ('2025-12-13', 'pipx', 346, 138);
INSERT OR REPLACE INTO daily_backend_stats (date, backend_type, downloads, unique_users) VALUES ('2025-12-12', 'core', 364, 145);
INSERT OR REPLACE INTO daily_backend_stats (date, backend_type, downloads, unique_users) VALUES ('2025-12-12', 'aqua', 177, 70);
INSERT OR REPLACE INTO daily_backend_stats (date, backend_type, downloads, unique_users) VALUES ('2025-12-12', 'ubi', 248, 99);
INSERT OR REPLACE INTO daily_backend_stats (date, backend_type, downloads, unique_users) VALUES ('2025-12-12', 'asdf', 163, 65);
INSERT OR REPLACE INTO daily_backend_stats (date, backend_type, downloads, unique_users) VALUES ('2025-12-12', 'vfox', 268, 107);
INSERT OR REPLACE INTO daily_backend_stats (date, backend_type, downloads, unique_users) VALUES ('2025-12-12', 'cargo', 195, 78);
INSERT OR REPLACE INTO daily_backend_stats (date, backend_type, downloads, unique_users) VALUES ('2025-12-12', 'npm', 431, 172);
INSERT OR REPLACE INTO daily_backend_stats (date, backend_type, downloads, unique_users) VALUES ('2025-12-12', 'go', 375, 150);
INSERT OR REPLACE INTO daily_backend_stats (date, backend_type, downloads, unique_users) VALUES ('2025-12-12', 'pipx', 174, 69);
INSERT OR REPLACE INTO daily_backend_stats (date, backend_type, downloads, unique_users) VALUES ('2025-12-11', 'core', 342, 136);
INSERT OR REPLACE INTO daily_backend_stats (date, backend_type, downloads, unique_users) VALUES ('2025-12-11', 'aqua', 380, 152);
INSERT OR REPLACE INTO daily_backend_stats (date, backend_type, downloads, unique_users) VALUES ('2025-12-11', 'ubi', 471, 188);
INSERT OR REPLACE INTO daily_backend_stats (date, backend_type, downloads, unique_users) VALUES ('2025-12-11', 'asdf', 218, 87);
INSERT OR REPLACE INTO daily_backend_stats (date, backend_type, downloads, unique_users) VALUES ('2025-12-11', 'vfox', 122, 48);
INSERT OR REPLACE INTO daily_backend_stats (date, backend_type, downloads, unique_users) VALUES ('2025-12-11', 'cargo', 567, 226);
INSERT OR REPLACE INTO daily_backend_stats (date, backend_type, downloads, unique_users) VALUES ('2025-12-11', 'npm', 449, 179);
INSERT OR REPLACE INTO daily_backend_stats (date, backend_type, downloads, unique_users) VALUES ('2025-12-11', 'go', 434, 173);
INSERT OR REPLACE INTO daily_backend_stats (date, backend_type, downloads, unique_users) VALUES ('2025-12-11', 'pipx', 559, 223);
INSERT OR REPLACE INTO daily_backend_stats (date, backend_type, downloads, unique_users) VALUES ('2025-12-10', 'core', 140, 56);
INSERT OR REPLACE INTO daily_backend_stats (date, backend_type, downloads, unique_users) VALUES ('2025-12-10', 'aqua', 141, 56);
INSERT OR REPLACE INTO daily_backend_stats (date, backend_type, downloads, unique_users) VALUES ('2025-12-10', 'ubi', 374, 149);
INSERT OR REPLACE INTO daily_backend_stats (date, backend_type, downloads, unique_users) VALUES ('2025-12-10', 'asdf', 553, 221);
INSERT OR REPLACE INTO daily_backend_stats (date, backend_type, downloads, unique_users) VALUES ('2025-12-10', 'vfox', 254, 101);
INSERT OR REPLACE INTO daily_backend_stats (date, backend_type, downloads, unique_users) VALUES ('2025-12-10', 'cargo', 379, 151);
INSERT OR REPLACE INTO daily_backend_stats (date, backend_type, downloads, unique_users) VALUES ('2025-12-10', 'npm', 163, 65);
INSERT OR REPLACE INTO daily_backend_stats (date, backend_type, downloads, unique_users) VALUES ('2025-12-10', 'go', 287, 114);
INSERT OR REPLACE INTO daily_backend_stats (date, backend_type, downloads, unique_users) VALUES ('2025-12-10', 'pipx', 147, 58);
INSERT OR REPLACE INTO daily_backend_stats (date, backend_type, downloads, unique_users) VALUES ('2025-12-09', 'core', 327, 130);
INSERT OR REPLACE INTO daily_backend_stats (date, backend_type, downloads, unique_users) VALUES ('2025-12-09', 'aqua', 101, 40);
INSERT OR REPLACE INTO daily_backend_stats (date, backend_type, downloads, unique_users) VALUES ('2025-12-09', 'ubi', 237, 94);
INSERT OR REPLACE INTO daily_backend_stats (date, backend_type, downloads, unique_users) VALUES ('2025-12-09', 'asdf', 451, 180);
INSERT OR REPLACE INTO daily_backend_stats (date, backend_type, downloads, unique_users) VALUES ('2025-12-09', 'vfox', 239, 95);
INSERT OR REPLACE INTO daily_backend_stats (date, backend_type, downloads, unique_users) VALUES ('2025-12-09', 'cargo', 356, 142);
INSERT OR REPLACE INTO daily_backend_stats (date, backend_type, downloads, unique_users) VALUES ('2025-12-09', 'npm', 536, 214);
INSERT OR REPLACE INTO daily_backend_stats (date, backend_type, downloads, unique_users) VALUES ('2025-12-09', 'go', 403, 161);
INSERT OR REPLACE INTO daily_backend_stats (date, backend_type, downloads, unique_users) VALUES ('2025-12-09', 'pipx', 184, 73);
INSERT OR REPLACE INTO daily_backend_stats (date, backend_type, downloads, unique_users) VALUES ('2025-12-08', 'core', 174, 69);
INSERT OR REPLACE INTO daily_backend_stats (date, backend_type, downloads, unique_users) VALUES ('2025-12-08', 'aqua', 586, 234);
INSERT OR REPLACE INTO daily_backend_stats (date, backend_type, downloads, unique_users) VALUES ('2025-12-08', 'ubi', 551, 220);
INSERT OR REPLACE INTO daily_backend_stats (date, backend_type, downloads, unique_users) VALUES ('2025-12-08', 'asdf', 351, 140);
INSERT OR REPLACE INTO daily_backend_stats (date, backend_type, downloads, unique_users) VALUES ('2025-12-08', 'vfox', 238, 95);
INSERT OR REPLACE INTO daily_backend_stats (date, backend_type, downloads, unique_users) VALUES ('2025-12-08', 'cargo', 276, 110);
INSERT OR REPLACE INTO daily_backend_stats (date, backend_type, downloads, unique_users) VALUES ('2025-12-08', 'npm', 410, 164);
INSERT OR REPLACE INTO daily_backend_stats (date, backend_type, downloads, unique_users) VALUES ('2025-12-08', 'go', 207, 82);
INSERT OR REPLACE INTO daily_backend_stats (date, backend_type, downloads, unique_users) VALUES ('2025-12-08', 'pipx', 508, 203);
INSERT OR REPLACE INTO daily_backend_stats (date, backend_type, downloads, unique_users) VALUES ('2025-12-07', 'core', 291, 116);
INSERT OR REPLACE INTO daily_backend_stats (date, backend_type, downloads, unique_users) VALUES ('2025-12-07', 'aqua', 561, 224);
INSERT OR REPLACE INTO daily_backend_stats (date, backend_type, downloads, unique_users) VALUES ('2025-12-07', 'ubi', 450, 180);
INSERT OR REPLACE INTO daily_backend_stats (date, backend_type, downloads, unique_users) VALUES ('2025-12-07', 'asdf', 372, 148);
INSERT OR REPLACE INTO daily_backend_stats (date, backend_type, downloads, unique_users) VALUES ('2025-12-07', 'vfox', 468, 187);
INSERT OR REPLACE INTO daily_backend_stats (date, backend_type, downloads, unique_users) VALUES ('2025-12-07', 'cargo', 574, 229);
INSERT OR REPLACE INTO daily_backend_stats (date, backend_type, downloads, unique_users) VALUES ('2025-12-07', 'npm', 325, 130);
INSERT OR REPLACE INTO daily_backend_stats (date, backend_type, downloads, unique_users) VALUES ('2025-12-07', 'go', 116, 46);
INSERT OR REPLACE INTO daily_backend_stats (date, backend_type, downloads, unique_users) VALUES ('2025-12-07', 'pipx', 202, 80);
INSERT OR REPLACE INTO daily_backend_stats (date, backend_type, downloads, unique_users) VALUES ('2025-12-06', 'core', 516, 206);
INSERT OR REPLACE INTO daily_backend_stats (date, backend_type, downloads, unique_users) VALUES ('2025-12-06', 'aqua', 330, 132);
INSERT OR REPLACE INTO daily_backend_stats (date, backend_type, downloads, unique_users) VALUES ('2025-12-06', 'ubi', 265, 106);
INSERT OR REPLACE INTO daily_backend_stats (date, backend_type, downloads, unique_users) VALUES ('2025-12-06', 'asdf', 288, 115);
INSERT OR REPLACE INTO daily_backend_stats (date, backend_type, downloads, unique_users) VALUES ('2025-12-06', 'vfox', 103, 41);
INSERT OR REPLACE INTO daily_backend_stats (date, backend_type, downloads, unique_users) VALUES ('2025-12-06', 'cargo', 343, 137);
INSERT OR REPLACE INTO daily_backend_stats (date, backend_type, downloads, unique_users) VALUES ('2025-12-06', 'npm', 314, 125);
INSERT OR REPLACE INTO daily_backend_stats (date, backend_type, downloads, unique_users) VALUES ('2025-12-06', 'go', 182, 72);
INSERT OR REPLACE INTO daily_backend_stats (date, backend_type, downloads, unique_users) VALUES ('2025-12-06', 'pipx', 508, 203);
INSERT OR REPLACE INTO daily_backend_stats (date, backend_type, downloads, unique_users) VALUES ('2025-12-05', 'core', 466, 186);
INSERT OR REPLACE INTO daily_backend_stats (date, backend_type, downloads, unique_users) VALUES ('2025-12-05', 'aqua', 136, 54);
INSERT OR REPLACE INTO daily_backend_stats (date, backend_type, downloads, unique_users) VALUES ('2025-12-05', 'ubi', 523, 209);
INSERT OR REPLACE INTO daily_backend_stats (date, backend_type, downloads, unique_users) VALUES ('2025-12-05', 'asdf', 430, 172);
INSERT OR REPLACE INTO daily_backend_stats (date, backend_type, downloads, unique_users) VALUES ('2025-12-05', 'vfox', 129, 51);
INSERT OR REPLACE INTO daily_backend_stats (date, backend_type, downloads, unique_users) VALUES ('2025-12-05', 'cargo', 215, 86);
INSERT OR REPLACE INTO daily_backend_stats (date, backend_type, downloads, unique_users) VALUES ('2025-12-05', 'npm', 244, 97);
INSERT OR REPLACE INTO daily_backend_stats (date, backend_type, downloads, unique_users) VALUES ('2025-12-05', 'go', 506, 202);
INSERT OR REPLACE INTO daily_backend_stats (date, backend_type, downloads, unique_users) VALUES ('2025-12-05', 'pipx', 111, 44);
INSERT OR REPLACE INTO daily_backend_stats (date, backend_type, downloads, unique_users) VALUES ('2025-12-04', 'core', 565, 226);
INSERT OR REPLACE INTO daily_backend_stats (date, backend_type, downloads, unique_users) VALUES ('2025-12-04', 'aqua', 386, 154);
INSERT OR REPLACE INTO daily_backend_stats (date, backend_type, downloads, unique_users) VALUES ('2025-12-04', 'ubi', 337, 134);
INSERT OR REPLACE INTO daily_backend_stats (date, backend_type, downloads, unique_users) VALUES ('2025-12-04', 'asdf', 598, 239);
INSERT OR REPLACE INTO daily_backend_stats (date, backend_type, downloads, unique_users) VALUES ('2025-12-04', 'vfox', 182, 72);
INSERT OR REPLACE INTO daily_backend_stats (date, backend_type, downloads, unique_users) VALUES ('2025-12-04', 'cargo', 451, 180);
INSERT OR REPLACE INTO daily_backend_stats (date, backend_type, downloads, unique_users) VALUES ('2025-12-04', 'npm', 481, 192);
INSERT OR REPLACE INTO daily_backend_stats (date, backend_type, downloads, unique_users) VALUES ('2025-12-04', 'go', 345, 138);
INSERT OR REPLACE INTO daily_backend_stats (date, backend_type, downloads, unique_users) VALUES ('2025-12-04', 'pipx', 145, 58);
INSERT OR REPLACE INTO daily_backend_stats (date, backend_type, downloads, unique_users) VALUES ('2025-12-03', 'core', 133, 53);
INSERT OR REPLACE INTO daily_backend_stats (date, backend_type, downloads, unique_users) VALUES ('2025-12-03', 'aqua', 161, 64);
INSERT OR REPLACE INTO daily_backend_stats (date, backend_type, downloads, unique_users) VALUES ('2025-12-03', 'ubi', 363, 145);
INSERT OR REPLACE INTO daily_backend_stats (date, backend_type, downloads, unique_users) VALUES ('2025-12-03', 'asdf', 470, 188);
INSERT OR REPLACE INTO daily_backend_stats (date, backend_type, downloads, unique_users) VALUES ('2025-12-03', 'vfox', 257, 102);
INSERT OR REPLACE INTO daily_backend_stats (date, backend_type, downloads, unique_users) VALUES ('2025-12-03', 'cargo', 380, 152);
INSERT OR REPLACE INTO daily_backend_stats (date, backend_type, downloads, unique_users) VALUES ('2025-12-03', 'npm', 202, 80);
INSERT OR REPLACE INTO daily_backend_stats (date, backend_type, downloads, unique_users) VALUES ('2025-12-03', 'go', 381, 152);
INSERT OR REPLACE INTO daily_backend_stats (date, backend_type, downloads, unique_users) VALUES ('2025-12-03', 'pipx', 338, 135);
INSERT OR REPLACE INTO daily_backend_stats (date, backend_type, downloads, unique_users) VALUES ('2025-12-02', 'core', 482, 192);
INSERT OR REPLACE INTO daily_backend_stats (date, backend_type, downloads, unique_users) VALUES ('2025-12-02', 'aqua', 183, 73);
INSERT OR REPLACE INTO daily_backend_stats (date, backend_type, downloads, unique_users) VALUES ('2025-12-02', 'ubi', 304, 121);
INSERT OR REPLACE INTO daily_backend_stats (date, backend_type, downloads, unique_users) VALUES ('2025-12-02', 'asdf', 580, 232);
INSERT OR REPLACE INTO daily_backend_stats (date, backend_type, downloads, unique_users) VALUES ('2025-12-02', 'vfox', 284, 113);
INSERT OR REPLACE INTO daily_backend_stats (date, backend_type, downloads, unique_users) VALUES ('2025-12-02', 'cargo', 184, 73);
INSERT OR REPLACE INTO daily_backend_stats (date, backend_type, downloads, unique_users) VALUES ('2025-12-02', 'npm', 343, 137);
INSERT OR REPLACE INTO daily_backend_stats (date, backend_type, downloads, unique_users) VALUES ('2025-12-02', 'go', 465, 186);
INSERT OR REPLACE INTO daily_backend_stats (date, backend_type, downloads, unique_users) VALUES ('2025-12-02', 'pipx', 557, 222);
INSERT OR REPLACE INTO daily_backend_stats (date, backend_type, downloads, unique_users) VALUES ('2025-12-01', 'core', 151, 60);
INSERT OR REPLACE INTO daily_backend_stats (date, backend_type, downloads, unique_users) VALUES ('2025-12-01', 'aqua', 205, 82);
INSERT OR REPLACE INTO daily_backend_stats (date, backend_type, downloads, unique_users) VALUES ('2025-12-01', 'ubi', 293, 117);
INSERT OR REPLACE INTO daily_backend_stats (date, backend_type, downloads, unique_users) VALUES ('2025-12-01', 'asdf', 396, 158);
INSERT OR REPLACE INTO daily_backend_stats (date, backend_type, downloads, unique_users) VALUES ('2025-12-01', 'vfox', 543, 217);
INSERT OR REPLACE INTO daily_backend_stats (date, backend_type, downloads, unique_users) VALUES ('2025-12-01', 'cargo', 387, 154);
INSERT OR REPLACE INTO daily_backend_stats (date, backend_type, downloads, unique_users) VALUES ('2025-12-01', 'npm', 404, 161);
INSERT OR REPLACE INTO daily_backend_stats (date, backend_type, downloads, unique_users) VALUES ('2025-12-01', 'go', 151, 60);
INSERT OR REPLACE INTO daily_backend_stats (date, backend_type, downloads, unique_users) VALUES ('2025-12-01', 'pipx', 536, 214);
INSERT OR REPLACE INTO daily_backend_stats (date, backend_type, downloads, unique_users) VALUES ('2025-11-30', 'core', 415, 166);
INSERT OR REPLACE INTO daily_backend_stats (date, backend_type, downloads, unique_users) VALUES ('2025-11-30', 'aqua', 359, 143);
INSERT OR REPLACE INTO daily_backend_stats (date, backend_type, downloads, unique_users) VALUES ('2025-11-30', 'ubi', 205, 82);
INSERT OR REPLACE INTO daily_backend_stats (date, backend_type, downloads, unique_users) VALUES ('2025-11-30', 'asdf', 344, 137);
INSERT OR REPLACE INTO daily_backend_stats (date, backend_type, downloads, unique_users) VALUES ('2025-11-30', 'vfox', 417, 166);
INSERT OR REPLACE INTO daily_backend_stats (date, backend_type, downloads, unique_users) VALUES ('2025-11-30', 'cargo', 586, 234);
INSERT OR REPLACE INTO daily_backend_stats (date, backend_type, downloads, unique_users) VALUES ('2025-11-30', 'npm', 267, 106);
INSERT OR REPLACE INTO daily_backend_stats (date, backend_type, downloads, unique_users) VALUES ('2025-11-30', 'go', 378, 151);
INSERT OR REPLACE INTO daily_backend_stats (date, backend_type, downloads, unique_users) VALUES ('2025-11-30', 'pipx', 401, 160);
INSERT OR REPLACE INTO daily_backend_stats (date, backend_type, downloads, unique_users) VALUES ('2025-11-29', 'core', 483, 193);
INSERT OR REPLACE INTO daily_backend_stats (date, backend_type, downloads, unique_users) VALUES ('2025-11-29', 'aqua', 184, 73);
INSERT OR REPLACE INTO daily_backend_stats (date, backend_type, downloads, unique_users) VALUES ('2025-11-29', 'ubi', 408, 163);
INSERT OR REPLACE INTO daily_backend_stats (date, backend_type, downloads, unique_users) VALUES ('2025-11-29', 'asdf', 255, 102);
INSERT OR REPLACE INTO daily_backend_stats (date, backend_type, downloads, unique_users) VALUES ('2025-11-29', 'vfox', 576, 230);
INSERT OR REPLACE INTO daily_backend_stats (date, backend_type, downloads, unique_users) VALUES ('2025-11-29', 'cargo', 113, 45);
INSERT OR REPLACE INTO daily_backend_stats (date, backend_type, downloads, unique_users) VALUES ('2025-11-29', 'npm', 228, 91);
INSERT OR REPLACE INTO daily_backend_stats (date, backend_type, downloads, unique_users) VALUES ('2025-11-29', 'go', 160, 64);
INSERT OR REPLACE INTO daily_backend_stats (date, backend_type, downloads, unique_users) VALUES ('2025-11-29', 'pipx', 478, 191);
INSERT OR REPLACE INTO daily_backend_stats (date, backend_type, downloads, unique_users) VALUES ('2025-11-28', 'core', 440, 176);
INSERT OR REPLACE INTO daily_backend_stats (date, backend_type, downloads, unique_users) VALUES ('2025-11-28', 'aqua', 345, 138);
INSERT OR REPLACE INTO daily_backend_stats (date, backend_type, downloads, unique_users) VALUES ('2025-11-28', 'ubi', 249, 99);
INSERT OR REPLACE INTO daily_backend_stats (date, backend_type, downloads, unique_users) VALUES ('2025-11-28', 'asdf', 486, 194);
INSERT OR REPLACE INTO daily_backend_stats (date, backend_type, downloads, unique_users) VALUES ('2025-11-28', 'vfox', 437, 174);
INSERT OR REPLACE INTO daily_backend_stats (date, backend_type, downloads, unique_users) VALUES ('2025-11-28', 'cargo', 522, 208);
INSERT OR REPLACE INTO daily_backend_stats (date, backend_type, downloads, unique_users) VALUES ('2025-11-28', 'npm', 188, 75);
INSERT OR REPLACE INTO daily_backend_stats (date, backend_type, downloads, unique_users) VALUES ('2025-11-28', 'go', 359, 143);
INSERT OR REPLACE INTO daily_backend_stats (date, backend_type, downloads, unique_users) VALUES ('2025-11-28', 'pipx', 442, 176);
INSERT OR REPLACE INTO daily_backend_stats (date, backend_type, downloads, unique_users) VALUES ('2025-11-27', 'core', 476, 190);
INSERT OR REPLACE INTO daily_backend_stats (date, backend_type, downloads, unique_users) VALUES ('2025-11-27', 'aqua', 412, 164);
INSERT OR REPLACE INTO daily_backend_stats (date, backend_type, downloads, unique_users) VALUES ('2025-11-27', 'ubi', 209, 83);
INSERT OR REPLACE INTO daily_backend_stats (date, backend_type, downloads, unique_users) VALUES ('2025-11-27', 'asdf', 171, 68);
INSERT OR REPLACE INTO daily_backend_stats (date, backend_type, downloads, unique_users) VALUES ('2025-11-27', 'vfox', 516, 206);
INSERT OR REPLACE INTO daily_backend_stats (date, backend_type, downloads, unique_users) VALUES ('2025-11-27', 'cargo', 584, 233);
INSERT OR REPLACE INTO daily_backend_stats (date, backend_type, downloads, unique_users) VALUES ('2025-11-27', 'npm', 366, 146);
INSERT OR REPLACE INTO daily_backend_stats (date, backend_type, downloads, unique_users) VALUES ('2025-11-27', 'go', 387, 154);
INSERT OR REPLACE INTO daily_backend_stats (date, backend_type, downloads, unique_users) VALUES ('2025-11-27', 'pipx', 115, 46);
INSERT OR REPLACE INTO daily_backend_stats (date, backend_type, downloads, unique_users) VALUES ('2025-11-26', 'core', 273, 109);
INSERT OR REPLACE INTO daily_backend_stats (date, backend_type, downloads, unique_users) VALUES ('2025-11-26', 'aqua', 145, 58);
INSERT OR REPLACE INTO daily_backend_stats (date, backend_type, downloads, unique_users) VALUES ('2025-11-26', 'ubi', 599, 239);
INSERT OR REPLACE INTO daily_backend_stats (date, backend_type, downloads, unique_users) VALUES ('2025-11-26', 'asdf', 242, 96);
INSERT OR REPLACE INTO daily_backend_stats (date, backend_type, downloads, unique_users) VALUES ('2025-11-26', 'vfox', 138, 55);
INSERT OR REPLACE INTO daily_backend_stats (date, backend_type, downloads, unique_users) VALUES ('2025-11-26', 'cargo', 570, 228);
INSERT OR REPLACE INTO daily_backend_stats (date, backend_type, downloads, unique_users) VALUES ('2025-11-26', 'npm', 225, 90);
INSERT OR REPLACE INTO daily_backend_stats (date, backend_type, downloads, unique_users) VALUES ('2025-11-26', 'go', 334, 133);
INSERT OR REPLACE INTO daily_backend_stats (date, backend_type, downloads, unique_users) VALUES ('2025-11-26', 'pipx', 491, 196);
INSERT OR REPLACE INTO daily_backend_stats (date, backend_type, downloads, unique_users) VALUES ('2025-11-25', 'core', 179, 71);
INSERT OR REPLACE INTO daily_backend_stats (date, backend_type, downloads, unique_users) VALUES ('2025-11-25', 'aqua', 308, 123);
INSERT OR REPLACE INTO daily_backend_stats (date, backend_type, downloads, unique_users) VALUES ('2025-11-25', 'ubi', 261, 104);
INSERT OR REPLACE INTO daily_backend_stats (date, backend_type, downloads, unique_users) VALUES ('2025-11-25', 'asdf', 171, 68);
INSERT OR REPLACE INTO daily_backend_stats (date, backend_type, downloads, unique_users) VALUES ('2025-11-25', 'vfox', 584, 233);
INSERT OR REPLACE INTO daily_backend_stats (date, backend_type, downloads, unique_users) VALUES ('2025-11-25', 'cargo', 416, 166);
INSERT OR REPLACE INTO daily_backend_stats (date, backend_type, downloads, unique_users) VALUES ('2025-11-25', 'npm', 117, 46);
INSERT OR REPLACE INTO daily_backend_stats (date, backend_type, downloads, unique_users) VALUES ('2025-11-25', 'go', 589, 235);
INSERT OR REPLACE INTO daily_backend_stats (date, backend_type, downloads, unique_users) VALUES ('2025-11-25', 'pipx', 272, 108);
INSERT OR REPLACE INTO daily_backend_stats (date, backend_type, downloads, unique_users) VALUES ('2025-11-24', 'core', 470, 188);
INSERT OR REPLACE INTO daily_backend_stats (date, backend_type, downloads, unique_users) VALUES ('2025-11-24', 'aqua', 326, 130);
INSERT OR REPLACE INTO daily_backend_stats (date, backend_type, downloads, unique_users) VALUES ('2025-11-24', 'ubi', 290, 116);
INSERT OR REPLACE INTO daily_backend_stats (date, backend_type, downloads, unique_users) VALUES ('2025-11-24', 'asdf', 149, 59);
INSERT OR REPLACE INTO daily_backend_stats (date, backend_type, downloads, unique_users) VALUES ('2025-11-24', 'vfox', 528, 211);
INSERT OR REPLACE INTO daily_backend_stats (date, backend_type, downloads, unique_users) VALUES ('2025-11-24', 'cargo', 570, 228);
INSERT OR REPLACE INTO daily_backend_stats (date, backend_type, downloads, unique_users) VALUES ('2025-11-24', 'npm', 583, 233);
INSERT OR REPLACE INTO daily_backend_stats (date, backend_type, downloads, unique_users) VALUES ('2025-11-24', 'go', 377, 150);
INSERT OR REPLACE INTO daily_backend_stats (date, backend_type, downloads, unique_users) VALUES ('2025-11-24', 'pipx', 289, 115);
INSERT OR REPLACE INTO daily_backend_stats (date, backend_type, downloads, unique_users) VALUES ('2025-11-23', 'core', 565, 226);
INSERT OR REPLACE INTO daily_backend_stats (date, backend_type, downloads, unique_users) VALUES ('2025-11-23', 'aqua', 512, 204);
INSERT OR REPLACE INTO daily_backend_stats (date, backend_type, downloads, unique_users) VALUES ('2025-11-23', 'ubi', 105, 42);
INSERT OR REPLACE INTO daily_backend_stats (date, backend_type, downloads, unique_users) VALUES ('2025-11-23', 'asdf', 574, 229);
INSERT OR REPLACE INTO daily_backend_stats (date, backend_type, downloads, unique_users) VALUES ('2025-11-23', 'vfox', 530, 212);
INSERT OR REPLACE INTO daily_backend_stats (date, backend_type, downloads, unique_users) VALUES ('2025-11-23', 'cargo', 401, 160);
INSERT OR REPLACE INTO daily_backend_stats (date, backend_type, downloads, unique_users) VALUES ('2025-11-23', 'npm', 531, 212);
INSERT OR REPLACE INTO daily_backend_stats (date, backend_type, downloads, unique_users) VALUES ('2025-11-23', 'go', 306, 122);
INSERT OR REPLACE INTO daily_backend_stats (date, backend_type, downloads, unique_users) VALUES ('2025-11-23', 'pipx', 314, 125);
INSERT OR REPLACE INTO daily_backend_stats (date, backend_type, downloads, unique_users) VALUES ('2025-11-22', 'core', 344, 137);
INSERT OR REPLACE INTO daily_backend_stats (date, backend_type, downloads, unique_users) VALUES ('2025-11-22', 'aqua', 101, 40);
INSERT OR REPLACE INTO daily_backend_stats (date, backend_type, downloads, unique_users) VALUES ('2025-11-22', 'ubi', 289, 115);
INSERT OR REPLACE INTO daily_backend_stats (date, backend_type, downloads, unique_users) VALUES ('2025-11-22', 'asdf', 405, 162);
INSERT OR REPLACE INTO daily_backend_stats (date, backend_type, downloads, unique_users) VALUES ('2025-11-22', 'vfox', 461, 184);
INSERT OR REPLACE INTO daily_backend_stats (date, backend_type, downloads, unique_users) VALUES ('2025-11-22', 'cargo', 496, 198);
INSERT OR REPLACE INTO daily_backend_stats (date, backend_type, downloads, unique_users) VALUES ('2025-11-22', 'npm', 358, 143);
INSERT OR REPLACE INTO daily_backend_stats (date, backend_type, downloads, unique_users) VALUES ('2025-11-22', 'go', 363, 145);
INSERT OR REPLACE INTO daily_backend_stats (date, backend_type, downloads, unique_users) VALUES ('2025-11-22', 'pipx', 563, 225);
INSERT OR REPLACE INTO daily_backend_stats (date, backend_type, downloads, unique_users) VALUES ('2025-11-21', 'core', 450, 180);
INSERT OR REPLACE INTO daily_backend_stats (date, backend_type, downloads, unique_users) VALUES ('2025-11-21', 'aqua', 185, 74);
INSERT OR REPLACE INTO daily_backend_stats (date, backend_type, downloads, unique_users) VALUES ('2025-11-21', 'ubi', 277, 110);
INSERT OR REPLACE INTO daily_backend_stats (date, backend_type, downloads, unique_users) VALUES ('2025-11-21', 'asdf', 167, 66);
INSERT OR REPLACE INTO daily_backend_stats (date, backend_type, downloads, unique_users) VALUES ('2025-11-21', 'vfox', 157, 62);
INSERT OR REPLACE INTO daily_backend_stats (date, backend_type, downloads, unique_users) VALUES ('2025-11-21', 'cargo', 169, 67);
INSERT OR REPLACE INTO daily_backend_stats (date, backend_type, downloads, unique_users) VALUES ('2025-11-21', 'npm', 109, 43);
INSERT OR REPLACE INTO daily_backend_stats (date, backend_type, downloads, unique_users) VALUES ('2025-11-21', 'go', 494, 197);
INSERT OR REPLACE INTO daily_backend_stats (date, backend_type, downloads, unique_users) VALUES ('2025-11-21', 'pipx', 207, 82);
INSERT OR REPLACE INTO daily_backend_stats (date, backend_type, downloads, unique_users) VALUES ('2025-11-20', 'core', 568, 227);
INSERT OR REPLACE INTO daily_backend_stats (date, backend_type, downloads, unique_users) VALUES ('2025-11-20', 'aqua', 352, 140);
INSERT OR REPLACE INTO daily_backend_stats (date, backend_type, downloads, unique_users) VALUES ('2025-11-20', 'ubi', 268, 107);
INSERT OR REPLACE INTO daily_backend_stats (date, backend_type, downloads, unique_users) VALUES ('2025-11-20', 'asdf', 365, 146);
INSERT OR REPLACE INTO daily_backend_stats (date, backend_type, downloads, unique_users) VALUES ('2025-11-20', 'vfox', 525, 210);
INSERT OR REPLACE INTO daily_backend_stats (date, backend_type, downloads, unique_users) VALUES ('2025-11-20', 'cargo', 451, 180);
INSERT OR REPLACE INTO daily_backend_stats (date, backend_type, downloads, unique_users) VALUES ('2025-11-20', 'npm', 319, 127);
INSERT OR REPLACE INTO daily_backend_stats (date, backend_type, downloads, unique_users) VALUES ('2025-11-20', 'go', 488, 195);
INSERT OR REPLACE INTO daily_backend_stats (date, backend_type, downloads, unique_users) VALUES ('2025-11-20', 'pipx', 334, 133);
INSERT OR REPLACE INTO daily_backend_stats (date, backend_type, downloads, unique_users) VALUES ('2025-11-19', 'core', 404, 161);
INSERT OR REPLACE INTO daily_backend_stats (date, backend_type, downloads, unique_users) VALUES ('2025-11-19', 'aqua', 129, 51);
INSERT OR REPLACE INTO daily_backend_stats (date, backend_type, downloads, unique_users) VALUES ('2025-11-19', 'ubi', 249, 99);
INSERT OR REPLACE INTO daily_backend_stats (date, backend_type, downloads, unique_users) VALUES ('2025-11-19', 'asdf', 457, 182);
INSERT OR REPLACE INTO daily_backend_stats (date, backend_type, downloads, unique_users) VALUES ('2025-11-19', 'vfox', 184, 73);
INSERT OR REPLACE INTO daily_backend_stats (date, backend_type, downloads, unique_users) VALUES ('2025-11-19', 'cargo', 417, 166);
INSERT OR REPLACE INTO daily_backend_stats (date, backend_type, downloads, unique_users) VALUES ('2025-11-19', 'npm', 148, 59);
INSERT OR REPLACE INTO daily_backend_stats (date, backend_type, downloads, unique_users) VALUES ('2025-11-19', 'go', 510, 204);
INSERT OR REPLACE INTO daily_backend_stats (date, backend_type, downloads, unique_users) VALUES ('2025-11-19', 'pipx', 384, 153);
INSERT OR REPLACE INTO daily_backend_stats (date, backend_type, downloads, unique_users) VALUES ('2025-11-18', 'core', 381, 152);
INSERT OR REPLACE INTO daily_backend_stats (date, backend_type, downloads, unique_users) VALUES ('2025-11-18', 'aqua', 566, 226);
INSERT OR REPLACE INTO daily_backend_stats (date, backend_type, downloads, unique_users) VALUES ('2025-11-18', 'ubi', 173, 69);
INSERT OR REPLACE INTO daily_backend_stats (date, backend_type, downloads, unique_users) VALUES ('2025-11-18', 'asdf', 349, 139);
INSERT OR REPLACE INTO daily_backend_stats (date, backend_type, downloads, unique_users) VALUES ('2025-11-18', 'vfox', 419, 167);
INSERT OR REPLACE INTO daily_backend_stats (date, backend_type, downloads, unique_users) VALUES ('2025-11-18', 'cargo', 188, 75);
INSERT OR REPLACE INTO daily_backend_stats (date, backend_type, downloads, unique_users) VALUES ('2025-11-18', 'npm', 551, 220);
INSERT OR REPLACE INTO daily_backend_stats (date, backend_type, downloads, unique_users) VALUES ('2025-11-18', 'go', 465, 186);
INSERT OR REPLACE INTO daily_backend_stats (date, backend_type, downloads, unique_users) VALUES ('2025-11-18', 'pipx', 506, 202);
INSERT OR REPLACE INTO daily_backend_stats (date, backend_type, downloads, unique_users) VALUES ('2025-11-17', 'core', 174, 69);
INSERT OR REPLACE INTO daily_backend_stats (date, backend_type, downloads, unique_users) VALUES ('2025-11-17', 'aqua', 205, 82);
INSERT OR REPLACE INTO daily_backend_stats (date, backend_type, downloads, unique_users) VALUES ('2025-11-17', 'ubi', 277, 110);
INSERT OR REPLACE INTO daily_backend_stats (date, backend_type, downloads, unique_users) VALUES ('2025-11-17', 'asdf', 444, 177);
INSERT OR REPLACE INTO daily_backend_stats (date, backend_type, downloads, unique_users) VALUES ('2025-11-17', 'vfox', 188, 75);
INSERT OR REPLACE INTO daily_backend_stats (date, backend_type, downloads, unique_users) VALUES ('2025-11-17', 'cargo', 515, 206);
INSERT OR REPLACE INTO daily_backend_stats (date, backend_type, downloads, unique_users) VALUES ('2025-11-17', 'npm', 554, 221);
INSERT OR REPLACE INTO daily_backend_stats (date, backend_type, downloads, unique_users) VALUES ('2025-11-17', 'go', 594, 237);
INSERT OR REPLACE INTO daily_backend_stats (date, backend_type, downloads, unique_users) VALUES ('2025-11-17', 'pipx', 525, 210);
INSERT OR REPLACE INTO daily_backend_stats (date, backend_type, downloads, unique_users) VALUES ('2025-11-16', 'core', 564, 225);
INSERT OR REPLACE INTO daily_backend_stats (date, backend_type, downloads, unique_users) VALUES ('2025-11-16', 'aqua', 210, 84);
INSERT OR REPLACE INTO daily_backend_stats (date, backend_type, downloads, unique_users) VALUES ('2025-11-16', 'ubi', 283, 113);
INSERT OR REPLACE INTO daily_backend_stats (date, backend_type, downloads, unique_users) VALUES ('2025-11-16', 'asdf', 457, 182);
INSERT OR REPLACE INTO daily_backend_stats (date, backend_type, downloads, unique_users) VALUES ('2025-11-16', 'vfox', 558, 223);
INSERT OR REPLACE INTO daily_backend_stats (date, backend_type, downloads, unique_users) VALUES ('2025-11-16', 'cargo', 126, 50);
INSERT OR REPLACE INTO daily_backend_stats (date, backend_type, downloads, unique_users) VALUES ('2025-11-16', 'npm', 566, 226);
INSERT OR REPLACE INTO daily_backend_stats (date, backend_type, downloads, unique_users) VALUES ('2025-11-16', 'go', 448, 179);
INSERT OR REPLACE INTO daily_backend_stats (date, backend_type, downloads, unique_users) VALUES ('2025-11-16', 'pipx', 260, 104);
INSERT OR REPLACE INTO daily_backend_stats (date, backend_type, downloads, unique_users) VALUES ('2025-11-15', 'core', 103, 41);
INSERT OR REPLACE INTO daily_backend_stats (date, backend_type, downloads, unique_users) VALUES ('2025-11-15', 'aqua', 353, 141);
INSERT OR REPLACE INTO daily_backend_stats (date, backend_type, downloads, unique_users) VALUES ('2025-11-15', 'ubi', 272, 108);
INSERT OR REPLACE INTO daily_backend_stats (date, backend_type, downloads, unique_users) VALUES ('2025-11-15', 'asdf', 366, 146);
INSERT OR REPLACE INTO daily_backend_stats (date, backend_type, downloads, unique_users) VALUES ('2025-11-15', 'vfox', 292, 116);
INSERT OR REPLACE INTO daily_backend_stats (date, backend_type, downloads, unique_users) VALUES ('2025-11-15', 'cargo', 539, 215);
INSERT OR REPLACE INTO daily_backend_stats (date, backend_type, downloads, unique_users) VALUES ('2025-11-15', 'npm', 313, 125);
INSERT OR REPLACE INTO daily_backend_stats (date, backend_type, downloads, unique_users) VALUES ('2025-11-15', 'go', 587, 234);
INSERT OR REPLACE INTO daily_backend_stats (date, backend_type, downloads, unique_users) VALUES ('2025-11-15', 'pipx', 185, 74);
INSERT OR REPLACE INTO daily_backend_stats (date, backend_type, downloads, unique_users) VALUES ('2025-11-14', 'core', 410, 164);
INSERT OR REPLACE INTO daily_backend_stats (date, backend_type, downloads, unique_users) VALUES ('2025-11-14', 'aqua', 588, 235);
INSERT OR REPLACE INTO daily_backend_stats (date, backend_type, downloads, unique_users) VALUES ('2025-11-14', 'ubi', 444, 177);
INSERT OR REPLACE INTO daily_backend_stats (date, backend_type, downloads, unique_users) VALUES ('2025-11-14', 'asdf', 492, 196);
INSERT OR REPLACE INTO daily_backend_stats (date, backend_type, downloads, unique_users) VALUES ('2025-11-14', 'vfox', 495, 198);
INSERT OR REPLACE INTO daily_backend_stats (date, backend_type, downloads, unique_users) VALUES ('2025-11-14', 'cargo', 224, 89);
INSERT OR REPLACE INTO daily_backend_stats (date, backend_type, downloads, unique_users) VALUES ('2025-11-14', 'npm', 201, 80);
INSERT OR REPLACE INTO daily_backend_stats (date, backend_type, downloads, unique_users) VALUES ('2025-11-14', 'go', 204, 81);
INSERT OR REPLACE INTO daily_backend_stats (date, backend_type, downloads, unique_users) VALUES ('2025-11-14', 'pipx', 332, 132);
INSERT OR REPLACE INTO daily_backend_stats (date, backend_type, downloads, unique_users) VALUES ('2025-11-13', 'core', 311, 124);
INSERT OR REPLACE INTO daily_backend_stats (date, backend_type, downloads, unique_users) VALUES ('2025-11-13', 'aqua', 506, 202);
INSERT OR REPLACE INTO daily_backend_stats (date, backend_type, downloads, unique_users) VALUES ('2025-11-13', 'ubi', 534, 213);
INSERT OR REPLACE INTO daily_backend_stats (date, backend_type, downloads, unique_users) VALUES ('2025-11-13', 'asdf', 292, 116);
INSERT OR REPLACE INTO daily_backend_stats (date, backend_type, downloads, unique_users) VALUES ('2025-11-13', 'vfox', 363, 145);
INSERT OR REPLACE INTO daily_backend_stats (date, backend_type, downloads, unique_users) VALUES ('2025-11-13', 'cargo', 316, 126);
INSERT OR REPLACE INTO daily_backend_stats (date, backend_type, downloads, unique_users) VALUES ('2025-11-13', 'npm', 141, 56);
INSERT OR REPLACE INTO daily_backend_stats (date, backend_type, downloads, unique_users) VALUES ('2025-11-13', 'go', 100, 40);
INSERT OR REPLACE INTO daily_backend_stats (date, backend_type, downloads, unique_users) VALUES ('2025-11-13', 'pipx', 240, 96);
INSERT OR REPLACE INTO daily_backend_stats (date, backend_type, downloads, unique_users) VALUES ('2025-11-12', 'core', 406, 162);
INSERT OR REPLACE INTO daily_backend_stats (date, backend_type, downloads, unique_users) VALUES ('2025-11-12', 'aqua', 267, 106);
INSERT OR REPLACE INTO daily_backend_stats (date, backend_type, downloads, unique_users) VALUES ('2025-11-12', 'ubi', 438, 175);
INSERT OR REPLACE INTO daily_backend_stats (date, backend_type, downloads, unique_users) VALUES ('2025-11-12', 'asdf', 374, 149);
INSERT OR REPLACE INTO daily_backend_stats (date, backend_type, downloads, unique_users) VALUES ('2025-11-12', 'vfox', 172, 68);
INSERT OR REPLACE INTO daily_backend_stats (date, backend_type, downloads, unique_users) VALUES ('2025-11-12', 'cargo', 155, 62);
INSERT OR REPLACE INTO daily_backend_stats (date, backend_type, downloads, unique_users) VALUES ('2025-11-12', 'npm', 249, 99);
INSERT OR REPLACE INTO daily_backend_stats (date, backend_type, downloads, unique_users) VALUES ('2025-11-12', 'go', 572, 228);
INSERT OR REPLACE INTO daily_backend_stats (date, backend_type, downloads, unique_users) VALUES ('2025-11-12', 'pipx', 466, 186);
INSERT OR REPLACE INTO daily_backend_stats (date, backend_type, downloads, unique_users) VALUES ('2025-11-11', 'core', 322, 128);
INSERT OR REPLACE INTO daily_backend_stats (date, backend_type, downloads, unique_users) VALUES ('2025-11-11', 'aqua', 392, 156);
INSERT OR REPLACE INTO daily_backend_stats (date, backend_type, downloads, unique_users) VALUES ('2025-11-11', 'ubi', 148, 59);
INSERT OR REPLACE INTO daily_backend_stats (date, backend_type, downloads, unique_users) VALUES ('2025-11-11', 'asdf', 568, 227);
INSERT OR REPLACE INTO daily_backend_stats (date, backend_type, downloads, unique_users) VALUES ('2025-11-11', 'vfox', 311, 124);
INSERT OR REPLACE INTO daily_backend_stats (date, backend_type, downloads, unique_users) VALUES ('2025-11-11', 'cargo', 233, 93);
INSERT OR REPLACE INTO daily_backend_stats (date, backend_type, downloads, unique_users) VALUES ('2025-11-11', 'npm', 173, 69);
INSERT OR REPLACE INTO daily_backend_stats (date, backend_type, downloads, unique_users) VALUES ('2025-11-11', 'go', 419, 167);
INSERT OR REPLACE INTO daily_backend_stats (date, backend_type, downloads, unique_users) VALUES ('2025-11-11', 'pipx', 239, 95);
INSERT OR REPLACE INTO daily_backend_stats (date, backend_type, downloads, unique_users) VALUES ('2025-11-10', 'core', 373, 149);
INSERT OR REPLACE INTO daily_backend_stats (date, backend_type, downloads, unique_users) VALUES ('2025-11-10', 'aqua', 299, 119);
INSERT OR REPLACE INTO daily_backend_stats (date, backend_type, downloads, unique_users) VALUES ('2025-11-10', 'ubi', 368, 147);
INSERT OR REPLACE INTO daily_backend_stats (date, backend_type, downloads, unique_users) VALUES ('2025-11-10', 'asdf', 564, 225);
INSERT OR REPLACE INTO daily_backend_stats (date, backend_type, downloads, unique_users) VALUES ('2025-11-10', 'vfox', 461, 184);
INSERT OR REPLACE INTO daily_backend_stats (date, backend_type, downloads, unique_users) VALUES ('2025-11-10', 'cargo', 417, 166);
INSERT OR REPLACE INTO daily_backend_stats (date, backend_type, downloads, unique_users) VALUES ('2025-11-10', 'npm', 143, 57);
INSERT OR REPLACE INTO daily_backend_stats (date, backend_type, downloads, unique_users) VALUES ('2025-11-10', 'go', 213, 85);
INSERT OR REPLACE INTO daily_backend_stats (date, backend_type, downloads, unique_users) VALUES ('2025-11-10', 'pipx', 493, 197);
INSERT OR REPLACE INTO daily_backend_stats (date, backend_type, downloads, unique_users) VALUES ('2025-11-09', 'core', 164, 65);
INSERT OR REPLACE INTO daily_backend_stats (date, backend_type, downloads, unique_users) VALUES ('2025-11-09', 'aqua', 516, 206);
INSERT OR REPLACE INTO daily_backend_stats (date, backend_type, downloads, unique_users) VALUES ('2025-11-09', 'ubi', 124, 49);
INSERT OR REPLACE INTO daily_backend_stats (date, backend_type, downloads, unique_users) VALUES ('2025-11-09', 'asdf', 445, 178);
INSERT OR REPLACE INTO daily_backend_stats (date, backend_type, downloads, unique_users) VALUES ('2025-11-09', 'vfox', 469, 187);
INSERT OR REPLACE INTO daily_backend_stats (date, backend_type, downloads, unique_users) VALUES ('2025-11-09', 'cargo', 162, 64);
INSERT OR REPLACE INTO daily_backend_stats (date, backend_type, downloads, unique_users) VALUES ('2025-11-09', 'npm', 221, 88);
INSERT OR REPLACE INTO daily_backend_stats (date, backend_type, downloads, unique_users) VALUES ('2025-11-09', 'go', 140, 56);
INSERT OR REPLACE INTO daily_backend_stats (date, backend_type, downloads, unique_users) VALUES ('2025-11-09', 'pipx', 178, 71);
INSERT OR REPLACE INTO daily_backend_stats (date, backend_type, downloads, unique_users) VALUES ('2025-11-08', 'core', 269, 107);
INSERT OR REPLACE INTO daily_backend_stats (date, backend_type, downloads, unique_users) VALUES ('2025-11-08', 'aqua', 197, 78);
INSERT OR REPLACE INTO daily_backend_stats (date, backend_type, downloads, unique_users) VALUES ('2025-11-08', 'ubi', 298, 119);
INSERT OR REPLACE INTO daily_backend_stats (date, backend_type, downloads, unique_users) VALUES ('2025-11-08', 'asdf', 165, 66);
INSERT OR REPLACE INTO daily_backend_stats (date, backend_type, downloads, unique_users) VALUES ('2025-11-08', 'vfox', 354, 141);
INSERT OR REPLACE INTO daily_backend_stats (date, backend_type, downloads, unique_users) VALUES ('2025-11-08', 'cargo', 396, 158);
INSERT OR REPLACE INTO daily_backend_stats (date, backend_type, downloads, unique_users) VALUES ('2025-11-08', 'npm', 581, 232);
INSERT OR REPLACE INTO daily_backend_stats (date, backend_type, downloads, unique_users) VALUES ('2025-11-08', 'go', 144, 57);
INSERT OR REPLACE INTO daily_backend_stats (date, backend_type, downloads, unique_users) VALUES ('2025-11-08', 'pipx', 395, 158);
INSERT OR REPLACE INTO daily_backend_stats (date, backend_type, downloads, unique_users) VALUES ('2025-11-07', 'core', 330, 132);
INSERT OR REPLACE INTO daily_backend_stats (date, backend_type, downloads, unique_users) VALUES ('2025-11-07', 'aqua', 450, 180);
INSERT OR REPLACE INTO daily_backend_stats (date, backend_type, downloads, unique_users) VALUES ('2025-11-07', 'ubi', 158, 63);
INSERT OR REPLACE INTO daily_backend_stats (date, backend_type, downloads, unique_users) VALUES ('2025-11-07', 'asdf', 319, 127);
INSERT OR REPLACE INTO daily_backend_stats (date, backend_type, downloads, unique_users) VALUES ('2025-11-07', 'vfox', 470, 188);
INSERT OR REPLACE INTO daily_backend_stats (date, backend_type, downloads, unique_users) VALUES ('2025-11-07', 'cargo', 386, 154);
INSERT OR REPLACE INTO daily_backend_stats (date, backend_type, downloads, unique_users) VALUES ('2025-11-07', 'npm', 472, 188);
INSERT OR REPLACE INTO daily_backend_stats (date, backend_type, downloads, unique_users) VALUES ('2025-11-07', 'go', 435, 174);
INSERT OR REPLACE INTO daily_backend_stats (date, backend_type, downloads, unique_users) VALUES ('2025-11-07', 'pipx', 216, 86);
INSERT OR REPLACE INTO daily_backend_stats (date, backend_type, downloads, unique_users) VALUES ('2025-11-06', 'core', 125, 50);
INSERT OR REPLACE INTO daily_backend_stats (date, backend_type, downloads, unique_users) VALUES ('2025-11-06', 'aqua', 326, 130);
INSERT OR REPLACE INTO daily_backend_stats (date, backend_type, downloads, unique_users) VALUES ('2025-11-06', 'ubi', 161, 64);
INSERT OR REPLACE INTO daily_backend_stats (date, backend_type, downloads, unique_users) VALUES ('2025-11-06', 'asdf', 515, 206);
INSERT OR REPLACE INTO daily_backend_stats (date, backend_type, downloads, unique_users) VALUES ('2025-11-06', 'vfox', 176, 70);
INSERT OR REPLACE INTO daily_backend_stats (date, backend_type, downloads, unique_users) VALUES ('2025-11-06', 'cargo', 209, 83);
INSERT OR REPLACE INTO daily_backend_stats (date, backend_type, downloads, unique_users) VALUES ('2025-11-06', 'npm', 379, 151);
INSERT OR REPLACE INTO daily_backend_stats (date, backend_type, downloads, unique_users) VALUES ('2025-11-06', 'go', 556, 222);
INSERT OR REPLACE INTO daily_backend_stats (date, backend_type, downloads, unique_users) VALUES ('2025-11-06', 'pipx', 596, 238);
INSERT OR REPLACE INTO daily_backend_stats (date, backend_type, downloads, unique_users) VALUES ('2025-11-05', 'core', 158, 63);
INSERT OR REPLACE INTO daily_backend_stats (date, backend_type, downloads, unique_users) VALUES ('2025-11-05', 'aqua', 274, 109);
INSERT OR REPLACE INTO daily_backend_stats (date, backend_type, downloads, unique_users) VALUES ('2025-11-05', 'ubi', 466, 186);
INSERT OR REPLACE INTO daily_backend_stats (date, backend_type, downloads, unique_users) VALUES ('2025-11-05', 'asdf', 421, 168);
INSERT OR REPLACE INTO daily_backend_stats (date, backend_type, downloads, unique_users) VALUES ('2025-11-05', 'vfox', 383, 153);
INSERT OR REPLACE INTO daily_backend_stats (date, backend_type, downloads, unique_users) VALUES ('2025-11-05', 'cargo', 453, 181);
INSERT OR REPLACE INTO daily_backend_stats (date, backend_type, downloads, unique_users) VALUES ('2025-11-05', 'npm', 486, 194);
INSERT OR REPLACE INTO daily_backend_stats (date, backend_type, downloads, unique_users) VALUES ('2025-11-05', 'go', 565, 226);
INSERT OR REPLACE INTO daily_backend_stats (date, backend_type, downloads, unique_users) VALUES ('2025-11-05', 'pipx', 531, 212);
INSERT OR REPLACE INTO daily_backend_stats (date, backend_type, downloads, unique_users) VALUES ('2025-11-04', 'core', 581, 232);
INSERT OR REPLACE INTO daily_backend_stats (date, backend_type, downloads, unique_users) VALUES ('2025-11-04', 'aqua', 120, 48);
INSERT OR REPLACE INTO daily_backend_stats (date, backend_type, downloads, unique_users) VALUES ('2025-11-04', 'ubi', 188, 75);
INSERT OR REPLACE INTO daily_backend_stats (date, backend_type, downloads, unique_users) VALUES ('2025-11-04', 'asdf', 352, 140);
INSERT OR REPLACE INTO daily_backend_stats (date, backend_type, downloads, unique_users) VALUES ('2025-11-04', 'vfox', 401, 160);
INSERT OR REPLACE INTO daily_backend_stats (date, backend_type, downloads, unique_users) VALUES ('2025-11-04', 'cargo', 465, 186);
INSERT OR REPLACE INTO daily_backend_stats (date, backend_type, downloads, unique_users) VALUES ('2025-11-04', 'npm', 438, 175);
INSERT OR REPLACE INTO daily_backend_stats (date, backend_type, downloads, unique_users) VALUES ('2025-11-04', 'go', 541, 216);
INSERT OR REPLACE INTO daily_backend_stats (date, backend_type, downloads, unique_users) VALUES ('2025-11-04', 'pipx', 581, 232);
INSERT OR REPLACE INTO daily_backend_stats (date, backend_type, downloads, unique_users) VALUES ('2025-11-03', 'core', 541, 216);
INSERT OR REPLACE INTO daily_backend_stats (date, backend_type, downloads, unique_users) VALUES ('2025-11-03', 'aqua', 351, 140);
INSERT OR REPLACE INTO daily_backend_stats (date, backend_type, downloads, unique_users) VALUES ('2025-11-03', 'ubi', 172, 68);
INSERT OR REPLACE INTO daily_backend_stats (date, backend_type, downloads, unique_users) VALUES ('2025-11-03', 'asdf', 470, 188);
INSERT OR REPLACE INTO daily_backend_stats (date, backend_type, downloads, unique_users) VALUES ('2025-11-03', 'vfox', 349, 139);
INSERT OR REPLACE INTO daily_backend_stats (date, backend_type, downloads, unique_users) VALUES ('2025-11-03', 'cargo', 108, 43);
INSERT OR REPLACE INTO daily_backend_stats (date, backend_type, downloads, unique_users) VALUES ('2025-11-03', 'npm', 403, 161);
INSERT OR REPLACE INTO daily_backend_stats (date, backend_type, downloads, unique_users) VALUES ('2025-11-03', 'go', 405, 162);
INSERT OR REPLACE INTO daily_backend_stats (date, backend_type, downloads, unique_users) VALUES ('2025-11-03', 'pipx', 340, 136);

INSERT OR REPLACE INTO tool_download_summaries (
  tool_id,
  downloads_30d,
  downloads_all_time,
  updated_at
)
WITH all_time AS (
  SELECT tool_id, SUM(downloads) AS downloads_all_time
  FROM (
    SELECT tool_id, COUNT(*) AS downloads
    FROM downloads
    GROUP BY tool_id
    UNION ALL
    SELECT tool_id, SUM(count) AS downloads
    FROM downloads_daily
    GROUP BY tool_id
  )
  GROUP BY tool_id
),
recent AS (
  SELECT tool_id, SUM(downloads) AS downloads_30d
  FROM daily_tool_stats
  WHERE date >= (SELECT date(max(date), '-30 days') FROM daily_tool_stats)
  GROUP BY tool_id
)
SELECT
  t.id,
  COALESCE(r.downloads_30d, 0),
  COALESCE(a.downloads_all_time, 0),
  datetime('now')
FROM tools t
LEFT JOIN all_time a ON a.tool_id = t.id
LEFT JOIN recent r ON r.tool_id = t.id;
